{"34": [188.71878110405024, 396.1514432279305], "39": [125.72748712707833, 540.0237805117723], "71": [192.2009297204722, 671.831855159337], "61": [263.51577394462095, 753.4735020426691], "66": [359.20640194489465, 767.7666936790923], "48": [498.244972390756, 649.2236689617561], "59": [599.7054543831458, 752.7204070701661], "65": [768.1441977175856, 771.051148081947], "77": [882.0884432819917, 818.179986438051], "57": [1013.0382020971082, 745.3460896279971], "85": [1095.604071390991, 817.0112914322716], "79": [1197.9605131288836, 856.6052649161488], "46": [1214.745465872906, 588.9667035857677], "41": [1129.6014665081252, 535.7347205707491], "50": [956.5276655352621, 666.0370130919671], "45": [906.6837152880233, 576.3247106652241], "38": [829.8925152749491, 491.8411914460285], "36": [959.5671703581039, 383.1569550817636], "30": [1091.2682218129733, 391.15907509719665], "25": [1023.249605580005, 278.7094577763016], "9": [785.8990772106063, 112.45718958065646], "16": [748.9007250418293, 228.24026770775237], "33": [791.9039416760135, 376.5237542060567], "40": [652.9870137077529, 520.1973472445752], "35": [631.1034605779522, 381.5630192141073], "29": [568.5008344923505, 325.5522948539638], "37": [448.469022103148, 483.47211989283323], "42": [311.1467507184574, 568.2196162046909], "28": [419.9185761047463, 352.5878000545554], "32": [300.297170426392, 338.23262485330554], "22": [450.10109813491374, 194.60780895938643], "8": [418.2003891050584, 103.33207044849478], "53": [691.6723054240707, 656.2369830061302]}