{
  "34": 7.164438305248663,
  "39": 7.092747070290614,
  "71": 6.957356299929851,
  "61": 6.994137027815756,
  "66": 7.354269356962618,
  "48": 7.158419786775551,
  "59": 7.022983877497592,
  "65": 7.04969725021802,
  "77": 6.94731849280666,
  "57": 7.145552734670298,
  "85": 7.2105865058135015,
  "79": 6.9355096907833635,
  "46": 6.931735840233694,
  "41": 7.1464864225760545,
  "50": 6.97338930805035,
  "45": 7.051996799676237,
  "38": 6.973057056731862,
  "36": 7.032851182385336,
  "30": 7.022110531638865,
  "25": 7.212760569189882,
  "9": 6.96432018504212,
  "16": 7.132760514094986,
  "33": 7.053085965805568,
  "40": 7.122325624983968,
  "35": 7.116901431009757,
  "29": 7.003670570917405,
  "37": 7.036423890093227,
  "42": 7.147387997539594,
  "28": 7.065911144349294,
  "32": 6.904460924071233,
  "22": 7.186888286073076,
  "8": 6.925159618992788,
  "53": 7.049297351795393
}