{
  "angleGiniCoeff": {
    "34": 0.0961583308795952,
    "39": 0.0727753751034389,
    "71": 0.08994562450719416,
    "61": 0.09502642386617552,
    "66": 0.18082105978177415,
    "48": 0.06405047951700263,
    "59": 0.1272781032649051,
    "65": 0.061946008984223366,
    "77": 0.09693711948487854,
    "57": 0.08497637975585214,
    "85": 0.0742918015645547,
    "79": 0.17269633380110275,
    "46": 0.1366048794250372,
    "41": 0.04189263379473855,
    "50": 0.0808699183003542,
    "45": 0.07156824794347816,
    "38": 0.11307742108496723,
    "36": 0.08001501652927487,
    "30": 0.1007582761169991,
    "25": 0.12684580109343746,
    "9": 0.06933796876243356,
    "16": 0.10996504056698139,
    "33": 0.0594979609796357,
    "40": 0.13072689679165636,
    "35": 0.10703727287579139,
    "29": 0.09817878151713956,
    "37": 0.13337176033480366,
    "42": 0.058826844132229404,
    "28": 0.08849441634215374,
    "32": 0.03563379269675506,
    "22": 0.13201484480084352,
    "8": 0.1388334086430351,
    "53": 0.052148612618595984
  },
  "lengthGiniCoeff": {
    "34": 0.22304932789362936,
    "39": 0.3254112909629534,
    "71": 0.14924047690753361,
    "61": 0.2949259123861689,
    "66": 0.23507441616637234,
    "48": 0.2950594352455973,
    "59": 0.3172471065427745,
    "65": 0.1670576871092421,
    "77": 0.1559238775442789,
    "57": 0.44121175901622833,
    "85": 0.31409414850327716,
    "79": 0.25818553493008384,
    "46": 0.4133165058012092,
    "41": 0.32957783057143,
    "50": 0.28025401980006287,
    "45": 0.26850905266839625,
    "38": 0.311947791170055,
    "36": 0.1586298860917905,
    "30": 0.17403465533504264,
    "25": 0.2550180655930779,
    "9": 0.1397328334435214,
    "16": 0.28350868443651545,
    "33": 0.14996116203440907,
    "40": 0.16476947903241176,
    "35": 0.18993304968857716,
    "29": 0.3057345500917766,
    "37": 0.2720237128602492,
    "42": 0.1535207205500921,
    "28": 0.32599179909735737,
    "32": 0.10302885680873468,
    "22": 0.27617903564257246,
    "8": 0.2820067130522752,
    "53": 0.2260392346883821
  }
}