{
  "34": 0.7508474576271187,
  "39": 0.8006734006734006,
  "71": 0.9192307692307692,
  "61": 0.8595959595959596,
  "66": 0.6818181818181818,
  "48": 0.7988700564971751,
  "59": 0.8481632653061224,
  "65": 0.8533834586466166,
  "77": 0.8787878787878788,
  "57": 0.8118393234672304,
  "85": 0.7050691244239631,
  "79": 0.9219512195121952,
  "46": 0.9179487179487179,
  "41": 0.7429378531073446,
  "50": 0.8439716312056738,
  "45": 0.7370192307692308,
  "38": 0.8589371980676328,
  "36": 0.824468085106383,
  "30": 0.7616883116883116,
  "25": 0.805668016194332,
  "9": 0.9080459770114943,
  "16": 0.8297872340425532,
  "33": 0.8013468013468014,
  "40": 0.7597517730496454,
  "35": 0.7956259426847662,
  "29": 0.9236453201970444,
  "37": 0.8155136268343816,
  "42": 0.7951868919610855,
  "28": 0.7831835007932311,
  "32": 0.9572649572649573,
  "22": 0.7537746806039489,
  "8": 0.9290322580645162,
  "53": 0.8299595141700404
}