{"7": [175.2535040431267, 186.3950808625337], "10": [166.70232818788529, 313.83865708900095], "18": [97.77137140778464, 420.8694979992725], "24": [114.58469533780222, 540.0289975144988], "29": [197.42129023520383, 636.6359532301025], "35": [355.62104028157995, 732.1223308564724], "37": [532.7256426874055, 709.3230719377835], "27": [679.5176771164204, 579.2435437094324], "31": [712.5628884285292, 668.6178356515735], "19": [742.4656269891789, 448.4139401654997], "12": [768.6732316227461, 325.96554785020805], "5": [738.7357155492659, 221.65310454625862], "6": [594.9102509870277, 228.48667512690355], "13": [606.344961718943, 336.92448752778466], "20": [508.1049093405293, 451.10187946787863], "14": [415.258891300718, 347.2754216062782], "2": [378.6017485679831, 207.30105517033465], "11": [302.3002270905691, 330.15161635052095], "17": [232.8781174760369, 461.46881388270566], "25": [375.4592744156764, 585.0484772172819], "26": [509.32013718765313, 586.8299363057325], "23": [649.6048756939416, 502.60342746801837], "22": [377.0038266106267, 468.0676870961671]}