{
  "7": 4.856932464119757,
  "10": 4.861645843858505,
  "18": 4.886630588976837,
  "24": 4.863574764753166,
  "29": 4.771630460067473,
  "35": 4.955987818913704,
  "37": 4.907954192947441,
  "27": 4.797251310794442,
  "31": 4.848659644789948,
  "19": 4.891921169998249,
  "12": 5.084528398172468,
  "5": 4.960523161490937,
  "6": 4.939922899785772,
  "13": 5.006540758458868,
  "20": 4.855778773345809,
  "14": 4.87653441111749,
  "2": 4.994596031937636,
  "11": 4.849388808211155,
  "17": 4.907762178293772,
  "25": 4.924447993215783,
  "26": 4.826901267572702,
  "23": 4.881681469294098,
  "22": 4.861200907741032
}