{
  "angleGiniCoeff_ignoringGuardCells": {
    "7": 0.06404334376092985,
    "10": 0.06534285848576374,
    "18": 0.09230308549082773,
    "24": 0.05776178758117843,
    "29": 0.08295879790091208,
    "35": 0.11451674479739174,
    "37": 0.07990423968147431,
    "27": 0.11470908468762016,
    "31": 0.07871633763496098,
    "19": 0.05174697273267606,
    "12": 0.0703240449067931,
    "5": 0.07585273261050846,
    "6": 0.03846061492503532,
    "13": 0.06781589112754671,
    "20": 0.09649672598124467,
    "14": 0.06531418551108376,
    "2": 0.09394129128531943,
    "11": 0.04004044231722472,
    "17": 0.08186540048075103,
    "25": 0.10550819424845234,
    "26": 0.10971791878496898,
    "23": 0.07259409749172538,
    "22": 0.0803614119763667
  },
  "lengthGiniCoeff_ignoringGuardCells": {
    "7": 0.18887566879288395,
    "10": 0.16599934036954622,
    "18": 0.1290701072840031,
    "24": 0.12508189890940696,
    "29": 0.1619401869332587,
    "35": 0.127745875364553,
    "37": 0.1946104859592626,
    "27": 0.16358281546991668,
    "31": 0.11929322289345072,
    "19": 0.17257991122145344,
    "12": 0.24437835624471332,
    "5": 0.2938466170377248,
    "6": 0.23291881133768605,
    "13": 0.19765002300827714,
    "20": 0.20530066519452836,
    "14": 0.07640701639503403,
    "2": 0.16737570887301353,
    "11": 0.1172680616477337,
    "17": 0.11821297922147708,
    "25": 0.20409549172631372,
    "26": 0.2629532557629216,
    "23": 0.12817907562545233,
    "22": 0.2051339804892266
  }
}