{
  "7": 0.8377049180327869,
  "10": 0.8017503805175038,
  "18": 0.8084179970972424,
  "24": 0.8245614035087719,
  "29": 0.8532863849765259,
  "35": 0.7610264635124299,
  "37": 0.7987577639751553,
  "27": 0.7600961538461538,
  "31": 0.8869047619047619,
  "19": 0.8248847926267281,
  "12": 0.6651234567901234,
  "5": 0.7613682092555332,
  "6": 0.8138551031200423,
  "13": 0.7804195804195804,
  "20": 0.8587525150905433,
  "14": 0.8249158249158249,
  "2": 0.7619047619047619,
  "11": 0.8759830611010284,
  "17": 0.8037763791188449,
  "25": 0.7588577472236911,
  "26": 0.7708108108108108,
  "23": 0.8353535353535354,
  "22": 0.8149038461538461
}