{"41": [278.1071378422654, 704.921304313909], "36": [202.7586152738695, 920.6435180943655], "59": [347.7690710043092, 1130.2458558173842], "63": [469.4299708173014, 1279.6020929757058], "65": [636.6750902527076, 1287.6373879119599], "50": [850.0784865462402, 1105.0424088636535], "78": [1041.502124877411, 1270.9120455601246], "66": [1314.96771602725, 1291.8304768734313], "81": [1499.105352303523, 1364.2538186745503], "62": [1708.2431825224667, 1252.43159281066], "68": [1844.9579967434433, 1372.0918159255102], "71": [2007.1415054087292, 1442.1135205682303], "48": [1982.5798317235885, 991.9891466693219], "38": [1845.6322870636113, 908.1743276692026], "53": [1600.1437646204727, 1122.9365773977574], "40": [1509.7666733830345, 973.1727046813083], "35": [1381.77231799372, 837.9869200856745], "27": [1574.3649013621418, 662.3987983403789], "21": [1778.0033150064683, 666.6536545924968], "17": [1668.2060606060606, 486.8180231635729], "3": [1275.4317716488017, 210.09201493436106], "13": [1227.9527397124834, 405.1873207965039], "25": [1310.1453695232287, 648.6326551358574], "37": [1109.267195981528, 901.6819654865105], "28": [1044.9895810955961, 672.4003401360544], "22": [929.5074943939572, 561.8656910185294], "34": [742.1177039850938, 838.3179119783919], "44": [526.214611804901, 978.1260750471254], "19": [672.4871979884115, 626.1718814911993], "26": [477.3851451234902, 605.5819001261943], "9": [704.384711343197, 336.09756309834637], "8": [639.436900538694, 182.14426487977926], "60": [1186.8358095815645, 1114.640236506974]}