{
  "41": 7.278485932890963,
  "36": 7.507874408744113,
  "59": 7.258169063260102,
  "63": 7.231431235610705,
  "65": 7.571521969770896,
  "50": 7.474396524530366,
  "78": 7.138554347194898,
  "66": 7.184598123058314,
  "81": 7.074306971964965,
  "62": 7.178472490478226,
  "68": 7.558163755635022,
  "71": 7.138984654383821,
  "48": 7.005724957578568,
  "38": 7.234752348854047,
  "53": 7.01695825746818,
  "40": 7.132266108922691,
  "35": 7.093202662628135,
  "27": 7.080343433813761,
  "21": 7.17256908929514,
  "17": 7.296517757848502,
  "3": 7.329809388498516,
  "13": 7.253099782698391,
  "25": 7.1400723040035246,
  "37": 7.395166988559778,
  "28": 7.370566947953864,
  "22": 7.065298128784507,
  "34": 7.232796398653384,
  "44": 7.219843184608237,
  "19": 7.276280102421946,
  "26": 7.048409181972444,
  "9": 7.54505693945549,
  "8": 7.095315551702953,
  "60": 7.151455388977476
}