{
  "angleGiniCoeff_ignoringGuardCells": {
    "41": 0.101877236445225,
    "36": 0.06592283600080166,
    "59": 0.07525611010268118,
    "63": 0.09036741478386527,
    "65": 0.1898597728761348,
    "50": 0.05602689751186868,
    "78": 0.10924309027131311,
    "66": 0.06751172512263358,
    "81": 0.09141990475471068,
    "62": 0.08912923599441266,
    "68": 0.07402689863049991,
    "71": 0.14287756698730036,
    "48": 0.13268913685019587,
    "38": 0.12193282979559274,
    "53": 0.07464107975108225,
    "40": 0.06593034480772657,
    "35": 0.06780591074239692,
    "27": 0.06667361973137967,
    "21": 0.13262966627523165,
    "17": 0.07880807573077886,
    "3": 0.06269217619375425,
    "13": 0.05288034006784528,
    "25": 0.05701807072135593,
    "37": 0.10894195817964972,
    "28": 0.1017448785957174,
    "22": 0.14045696673659688,
    "34": 0.1424526043394923,
    "44": 0.0430972117320594,
    "19": 0.10089577531086928,
    "26": 0.1972102960436283,
    "9": 0.16137983543512252,
    "8": 0.08291281911896449,
    "60": 0.06593771520581175
  },
  "lengthGiniCoeff_ignoringGuardCells": {
    "41": 0.22433479801945916,
    "36": 0.33711125840991363,
    "59": 0.1295326385684011,
    "63": 0.2566126240569176,
    "65": 0.22466985483597343,
    "50": 0.3040039357555615,
    "78": 0.29526234567825765,
    "66": 0.25463882564145346,
    "81": 0.14745057938574008,
    "62": 0.40390925123127364,
    "68": 0.3458519407851616,
    "71": 0.24215540680539818,
    "48": 0.40576843824679254,
    "38": 0.3881129718239371,
    "53": 0.2190000454893486,
    "40": 0.24624640845726162,
    "35": 0.3034529733636298,
    "27": 0.16162851440607442,
    "21": 0.374577762966638,
    "17": 0.11086388570814819,
    "3": 0.10425702488636412,
    "13": 0.2189166962940659,
    "25": 0.12597871275202324,
    "37": 0.17351211253096868,
    "28": 0.18545109173969057,
    "22": 0.3242641275640617,
    "34": 0.3993120557040807,
    "44": 0.1611330610565591,
    "19": 0.33577036159185636,
    "26": 0.3474962442580062,
    "9": 0.25889782801393757,
    "8": 0.1331316195340846,
    "60": 0.21120649630724067
  }
}