{
  "angleGiniCoeff": {
    "41": 0.101877236445225,
    "36": 0.06592283600080166,
    "59": 0.07525611010268118,
    "63": 0.09036741478386527,
    "65": 0.1866034024709529,
    "50": 0.07326142954805609,
    "78": 0.10924309027131311,
    "66": 0.06751172512263358,
    "81": 0.09141990475471068,
    "62": 0.09409929777218119,
    "68": 0.06854216952812647,
    "71": 0.14287756698730036,
    "48": 0.12568449368220605,
    "38": 0.11208333825546363,
    "53": 0.07464107975108225,
    "40": 0.06212795895446456,
    "35": 0.13274000397033411,
    "27": 0.06667361973137967,
    "21": 0.13262966627523165,
    "17": 0.07585418261337326,
    "3": 0.09348453914256628,
    "13": 0.09653304151654961,
    "25": 0.05701807072135593,
    "37": 0.11555734670260935,
    "28": 0.11211682570269225,
    "22": 0.14308395755619535,
    "34": 0.1424526043394923,
    "44": 0.0430972117320594,
    "19": 0.09944373109062778,
    "26": 0.1972102960436283,
    "9": 0.16137983543512252,
    "8": 0.08291281911896449,
    "60": 0.06593771520581175
  },
  "lengthGiniCoeff": {
    "41": 0.22433479801945916,
    "36": 0.33711125840991363,
    "59": 0.1295326385684011,
    "63": 0.2566126240569176,
    "65": 0.22466985483597343,
    "50": 0.30607993395666283,
    "78": 0.29526234567825765,
    "66": 0.25463882564145346,
    "81": 0.14745057938574008,
    "62": 0.40390925123127364,
    "68": 0.34732920974447334,
    "71": 0.24215540680539818,
    "48": 0.40576843824679254,
    "38": 0.3881129718239371,
    "53": 0.2190000454893486,
    "40": 0.24624640845726162,
    "35": 0.3034529733636298,
    "27": 0.16162851440607442,
    "21": 0.374577762966638,
    "17": 0.11086388570814819,
    "3": 0.10425702488636412,
    "13": 0.26378650186958147,
    "25": 0.12597871275202324,
    "37": 0.17351211253096868,
    "28": 0.2600648305953378,
    "22": 0.3242641275640617,
    "34": 0.3993120557040807,
    "44": 0.1611330610565591,
    "19": 0.33577036159185636,
    "26": 0.3474962442580062,
    "9": 0.25889782801393757,
    "8": 0.1331316195340846,
    "60": 0.21120649630724067
  }
}