{
  "41": 0.6667289021657954,
  "36": 0.6797843665768194,
  "59": 0.7992007992007992,
  "63": 0.7373461012311902,
  "65": 0.5920155793573515,
  "50": 0.7018867924528301,
  "78": 0.7893035556861593,
  "66": 0.7732585320243104,
  "81": 0.8270756213643575,
  "62": 0.772635814889336,
  "68": 0.6239731142643764,
  "71": 0.8132796780684105,
  "48": 0.829923273657289,
  "38": 0.6721212121212121,
  "53": 0.7747484582927621,
  "40": 0.7193984389872454,
  "35": 0.783859649122807,
  "27": 0.7747484582927621,
  "21": 0.7041433370660695,
  "17": 0.7859703020993344,
  "3": 0.775974025974026,
  "13": 0.7584484278577726,
  "25": 0.7627806975633062,
  "37": 0.6798623063683304,
  "28": 0.6989247311827957,
  "22": 0.8220779220779221,
  "34": 0.705869976856722,
  "44": 0.7214390911003576,
  "19": 0.7002998500749625,
  "26": 0.7985480943738656,
  "9": 0.6428070175438596,
  "8": 0.8124293785310734,
  "60": 0.7805383022774327
}