{"18": [134.63788300835654, 238.02912129653077], "23": [88.05637209302326, 326.30930232558137], "34": [137.111766282498, 411.5369874028411], "38": [191.19481463532833, 464.60928034892174], "41": [260.4169568245125, 474.59818941504176], "32": [354.64423907410605, 400.7358783900501], "40": [416.3449754901961, 470.10232843137254], "43": [519.304262353677, 487.3007774104191], "46": [589.2735251097026, 520.6309117503657], "42": [672.3112710674158, 478.73911516853934], "45": [721.3764210526316, 519.4229473684211], "47": [780.6518496420048, 546.4386933174225], "31": [804.9376068376068, 372.24324786324786], "29": [750.2996401701014, 340.73994111874384], "35": [639.6669118548486, 424.26811327694], "30": [611.300751222921, 365.15723270440253], "24": [565.3461283917935, 310.5424222369292], "21": [646.1714014025912, 240.87483656246286], "17": [732.419003892604, 250.3758858169478], "13": [686.6565249266862, 175.39772727272728], "4": [536.9070414695241, 66.71082660729196], "8": [511.91032340064965, 138.69072164948454], "19": [539.8139324487335, 237.44320466425413], "26": [452.46904093394414, 323.43357470075364], "20": [438.91404958677685, 234.5886840432295], "15": [396.4413392363033, 193.40951853901495], "22": [315.9185567010309, 294.9449312714777], "25": [221.85642737896495, 346.99158597662773], "14": [293.8411779303499, 208.3398957730168], "16": [215.9697586507706, 195.4716487350974], "7": [317.0928608380755, 110.60139679255045], "3": [296.6190823015295, 57.28769118718135], "36": [478.2297639945387, 406.9705480787985]}