{
  "18": 7.177982656808825,
  "23": 7.02048629688662,
  "34": 6.922790981583321,
  "38": 6.9137455313517995,
  "41": 7.179242791635647,
  "32": 7.01953627819506,
  "40": 6.989191836256514,
  "43": 7.00948164857696,
  "46": 6.881863378489889,
  "42": 6.903034490131328,
  "45": 7.066702056596676,
  "47": 6.960604268544355,
  "31": 6.878079835795399,
  "29": 7.10235293772613,
  "35": 6.87853267973477,
  "30": 7.015088778988852,
  "24": 6.9641047746686215,
  "21": 6.976526404659446,
  "17": 6.958807440768521,
  "13": 7.084835441668361,
  "4": 6.8717978945712375,
  "8": 7.056926292235078,
  "19": 7.003403195679492,
  "26": 7.062520757020013,
  "20": 7.022322572138378,
  "15": 6.9800499384320425,
  "22": 6.955814661135641,
  "25": 7.096286579525555,
  "14": 7.06660737475518,
  "16": 6.809496511883539,
  "7": 7.020549517515951,
  "3": 6.935060436143369,
  "36": 6.956715469487049
}