{
  "angleGiniCoeff": {
    "18": 0.09244544630740241,
    "23": 0.04342837958092505,
    "34": 0.08038428159188936,
    "38": 0.06715541940815442,
    "41": 0.10326675879206346,
    "32": 0.053279485127284566,
    "40": 0.10772500321703274,
    "43": 0.05542971243373899,
    "46": 0.12206587782406028,
    "42": 0.11015143373632315,
    "45": 0.10349096198268987,
    "47": 0.17175517762674128,
    "31": 0.05290220801678193,
    "29": 0.06087052148535092,
    "35": 0.12088458631237566,
    "30": 0.07270394079848115,
    "24": 0.062209732095416255,
    "21": 0.08190391302521112,
    "17": 0.10775354299844934,
    "13": 0.07988132425636285,
    "4": 0.049150467849598964,
    "8": 0.09910820077087351,
    "19": 0.06325497092426913,
    "26": 0.1281114604879389,
    "20": 0.12698880085994094,
    "15": 0.07105895516558991,
    "22": 0.14311583435996256,
    "25": 0.0728809485608509,
    "14": 0.09560952246026228,
    "16": 0.05166281924292263,
    "7": 0.08137467361825652,
    "3": 0.12638532739479527,
    "36": 0.025313308055687146
  },
  "lengthGiniCoeff": {
    "18": 0.2500866028537899,
    "23": 0.24437678961034243,
    "34": 0.114309313490532,
    "38": 0.20777601340427376,
    "41": 0.16397531018527436,
    "32": 0.28668661882815216,
    "40": 0.20816141453193843,
    "43": 0.1660269471818372,
    "46": 0.13667175589389088,
    "42": 0.2672918434076332,
    "45": 0.32754895874299844,
    "47": 0.2579736243825583,
    "31": 0.2851691656022441,
    "29": 0.26513631017213846,
    "35": 0.35978064748610666,
    "30": 0.28983471964384006,
    "24": 0.22801612406893573,
    "21": 0.17744973385686635,
    "17": 0.17525931368432157,
    "13": 0.1305045300958661,
    "4": 0.0994331826242043,
    "8": 0.14180427691913663,
    "19": 0.15106767373358454,
    "26": 0.09501385324144038,
    "20": 0.1941698508193285,
    "15": 0.1892304540280839,
    "22": 0.2720377498277265,
    "25": 0.19854028482922886,
    "14": 0.3428278865135223,
    "16": 0.11907093830934701,
    "7": 0.22024793222012534,
    "3": 0.1370438730646674,
    "36": 0.2751291782859701
  }
}