{
  "angleGiniCoeff_ignoringGuardCells": {
    "18": 0.09244544630740241,
    "23": 0.047439875594462076,
    "34": 0.08038428159188936,
    "38": 0.06715541940815442,
    "41": 0.0991390664436859,
    "32": 0.043498005771509696,
    "40": 0.10772500321703274,
    "43": 0.05882054669192343,
    "46": 0.12206587782406028,
    "42": 0.12385196181081662,
    "45": 0.10117894762252662,
    "47": 0.19305430863756934,
    "31": 0.054978221672507786,
    "29": 0.06087052148535092,
    "35": 0.1329009045137737,
    "30": 0.07368116821119393,
    "24": 0.0672232490766533,
    "21": 0.08190391302521112,
    "17": 0.10775354299844934,
    "13": 0.02821472224036412,
    "4": 0.02412117757552047,
    "8": 0.09910820077087351,
    "19": 0.06325497092426913,
    "26": 0.1281114604879389,
    "20": 0.14044875283697172,
    "15": 0.05126825880577512,
    "22": 0.13111286284461374,
    "25": 0.0728809485608509,
    "14": 0.09170237288322435,
    "16": 0.039234799403708706,
    "7": 0.08137467361825652,
    "3": 0.14046579845022306,
    "36": 0.02758872359278006
  },
  "lengthGiniCoeff_ignoringGuardCells": {
    "18": 0.2500866028537899,
    "23": 0.24437678961034243,
    "34": 0.114309313490532,
    "38": 0.20777601340427376,
    "41": 0.16397531018527436,
    "32": 0.28668661882815216,
    "40": 0.20816141453193843,
    "43": 0.11210842283430307,
    "46": 0.13667175589389088,
    "42": 0.2672918434076332,
    "45": 0.32754895874299844,
    "47": 0.2579736243825583,
    "31": 0.2851691656022441,
    "29": 0.26513631017213846,
    "35": 0.35978064748610666,
    "30": 0.28983471964384006,
    "24": 0.22801612406893573,
    "21": 0.17744973385686635,
    "17": 0.17525931368432157,
    "13": 0.14014566064284575,
    "4": 0.0994331826242043,
    "8": 0.14180427691913663,
    "19": 0.15106767373358454,
    "26": 0.09501385324144038,
    "20": 0.1941698508193285,
    "15": 0.21175716702259265,
    "22": 0.2720377498277265,
    "25": 0.19854028482922886,
    "14": 0.3428278865135223,
    "16": 0.11907093830934701,
    "7": 0.22024793222012534,
    "3": 0.1370438730646674,
    "36": 0.2751291782859701
  }
}