{
  "18": 0.796221322537112,
  "23": 0.8621848739495799,
  "34": 0.9569230769230769,
  "38": 0.9137931034482759,
  "41": 0.7698412698412699,
  "32": 0.8571428571428571,
  "40": 0.8850806451612904,
  "43": 0.9055258467023173,
  "46": 0.9,
  "42": 0.92,
  "45": 0.7273954116059379,
  "47": 0.9458689458689459,
  "31": 0.9433333333333334,
  "29": 0.7915966386554621,
  "35": 0.8758620689655172,
  "30": 0.7794871794871795,
  "24": 0.8399014778325123,
  "21": 0.8942528735632184,
  "17": 0.8238095238095238,
  "13": 0.8233333333333334,
  "4": 0.9411764705882353,
  "8": 0.8677248677248677,
  "19": 0.8428030303030303,
  "26": 0.8227513227513228,
  "20": 0.8467741935483871,
  "15": 0.9239766081871345,
  "22": 0.8746031746031746,
  "25": 0.7929125138427464,
  "14": 0.8367071524966262,
  "16": 0.9852941176470589,
  "7": 0.8181818181818182,
  "3": 0.9473684210526315,
  "36": 0.8695652173913043
}