{"roundish polygon": [[0.012608342927454358, -0.005679320468505715], [0.012484282994839616, -0.0056121696452649025], [0.01242306694010379, -0.005652011065082124], [0.0124880078240411, -0.005668564427788677], [0.012539568495743645, -0.005674831316141709], [0.012570664454171081, -0.005677582632979627], [0.01258703074806709, -0.0056789582913985845]],
"star polygon": [[6.123233995736766e-17, 1.0], [-0.2938926261462365, 0.4045084971874737], [-0.9510565162951535, 0.3090169943749475], [-0.4755282581475768, -0.15450849718747364], [-0.5877852522924732, -0.8090169943749473], [-9.184850993605148e-17, -0.5], [0.5877852522924729, -0.8090169943749476], [0.47552825814757677, -0.15450849718747384], [0.9510565162951536, 0.3090169943749472], [0.2938926261462367, 0.4045084971874736]],
"hexagon polygon": [[0, 0], [3, 0], [4.5, 2.6], [3, 5.2], [0, 5.2], [-1.5, 2.6]],
"escher geko polygon": [[242.57724982887927, 100.0308566973502], [264.0367696259563, 107.60480486102449], [258.3563085032006, 137.2694351687486], [285.4962894230333, 147.36803272031426], [300.01302340340897, 139.16292220966716], [335.9892771808616, 146.10570802636857], [345.45671238545447, 153.6796561900428], [306.9558092201104, 165.67174078252702], [312.0051079958932, 178.92615006895696], [307.5869715670832, 187.13126057960406], [315.7920820777303, 200.385669866034], [326.5218419762688, 190.91823466144118], [343.5632253445359, 194.07404639630545], [339.77625126269874, 204.80380629484395], [329.6776537111331, 207.32845568273538], [321.47254320048603, 224.36983905100243], [293.07023758670755, 200.385669866034], [290.5455881988162, 190.91823466144118], [287.3897764639519, 209.85310507062678], [299.38186105643615, 235.73076129651378], [291.80791289276186, 252.14098231780798], [296.85721166854466, 257.1902810935908], [297.48837401551754, 263.5019045633194], [281.7093153411962, 271.70701507396643], [271.61071778963054, 267.9200409921293], [284.23396472908763, 241.41122241926948], [270.97955544265767, 216.79589088732817], [261.5121202380649, 214.9024038464096], [239.421438094015, 241.41122241926948], [202.8140219695895, 233.20611190862238], [198.39588554077952, 225.63216374494812], [211.65029482720945, 200.385669866034], [241.31492513493356, 199.12334517208828], [240.68376278796072, 190.91823466144118], [226.79819115455794, 173.87685129317413], [222.38005472574795, 178.29498772198409], [224.2735417666665, 187.7624229265769], [204.07634666353522, 185.23777353868547], [200.92053492867092, 175.1391759871198], [212.91261952115516, 166.93406547647274], [226.16702880758507, 155.57314323096136], [243.20841217585215, 171.98336425225557], [264.6679319729292, 158.7289549658256], [250.15119799255353, 154.31081853701568], [240.05260044098787, 137.90059751572147], [245.1018992167707, 115.17875302469872]], 
"escher fish polygon": [[327.53423552484696, 232.81249944973854], [357.73276631337546, 337.9476777031743], [288.3882641140423, 307.7492654549415], [170.94999425977144, 344.6584359805695], [139.63312229863254, 228.33862583919654], [251.47909358841426, 266.3662560777223], [214.56992306278627, 197.02175387805767]]}
