{"1 polygon": [[0, 0], [0, 1], [1, 1], [1, 0]], "1 polygonCopy": [[0.0, 0.0], [0.0, 1.0], [1.0, 1.0], [1.0, 0.0], [1.1377813618186639, 0.7451692877334264]]}
