{"2": [244.20874587458746, 56.28333333333333], "6": [164.40999662276258, 143.3937014522121], "13": [76.63114945208673, 293.78083469340174], "15": [275.8046807281133, 162.27882114995666], "10": [163.44762155751746, 284.4392541836869], "48": [77.20280270823493, 425.4752007557865], "3": [390.2951475737869, 177.17733866933466], "24": [266.22764832259134, 326.44281936869936], "32": [201.21727788859906, 423.5341414761393], "56": [109.2766965816275, 509.80810729051126], "4": [466.47146562905317, 127.87662127107653], "17": [343.8288628636192, 297.44578768417074], "60": [187.2031690140845, 539.7154929577465], "9": [491.00102910908555, 227.44369303146132], "19": [412.6454828660436, 318.1042056074766], "26": [368.48171395095824, 408.46514352665497], "34": [273.9568314079736, 475.3545557196213], "58": [157.8864225702728, 613.2022611762266], "18": [521.7461618840929, 319.8292741741018], "53": [461.1717047832047, 442.54094221196164], "68": [330.1335565974548, 555.6539182853315], "64": [242.78495235386148, 704.895605177073], "23": [601.3315479378682, 350.7086234600964], "31": [591.634395393474, 438.3188483685221], "46": [518.7606942067954, 522.8363480811538], "55": [410.9023748528699, 605.8700408502389], "82": [325.732602901984, 666.5801006810779], "77": [357.6377106333527, 729.9493027309703], "83": [312.2136929460581, 807.4494813278009], "20": [751.7454576328748, 346.8920869417558], "25": [671.6713383643925, 380.5322655167103], "36": [725.9473204520598, 456.58621946773604], "50": [606.9196586599242, 583.8702275600506], "59": [489.7163710273466, 627.2947154471544], "72": [533.9567048911772, 745.3850534363055]}