{
  "2": 4.793577583591491,
  "6": 4.942949072798904,
  "13": 4.930948719457478,
  "15": 4.855440919571182,
  "10": 4.948538305597313,
  "48": 5.058547520400984,
  "3": 4.973347884863655,
  "24": 4.937876385528354,
  "32": 4.880989486695197,
  "56": 4.982505366502889,
  "4": 4.774580988242566,
  "17": 4.918013502214737,
  "60": 4.929282076658101,
  "9": 4.857651153968612,
  "19": 4.876140338400715,
  "26": 4.805695999104972,
  "34": 4.808543396396425,
  "58": 4.969422331326605,
  "18": 4.866375457224672,
  "53": 4.975017014832419,
  "68": 4.962006793608352,
  "64": 5.020498927371626,
  "23": 4.962106115650106,
  "31": 4.879523773980202,
  "46": 5.098683453385364,
  "55": 5.063974620522442,
  "82": 4.967544671840077,
  "77": 4.914777924654916,
  "83": 4.947574082842281,
  "20": 4.8499560438475235,
  "25": 4.924701377833715,
  "36": 4.781963978335711,
  "50": 4.909351919258897,
  "59": 4.8232376717797125,
  "72": 4.8563123204297485
}