{
  "angleGiniCoeff_ignoringGuardCells": {
    "2": 0.05166217789211629,
    "6": 0.0801875389626313,
    "13": 0.10589226183533267,
    "15": 0.09552730400812409,
    "10": 0.09511229442498097,
    "48": 0.1273866810695092,
    "3": 0.06059217635305683,
    "24": 0.10966799930331549,
    "32": 0.103388592788624,
    "56": 0.1374124589200437,
    "4": 0.06371128289455472,
    "17": 0.03324843427705388,
    "60": 0.06797363558931654,
    "9": 0.09462779744160423,
    "19": 0.06383518207757843,
    "26": 0.08483414685436094,
    "34": 0.0999057178201452,
    "58": 0.11307384609990014,
    "18": 0.08256293066622196,
    "53": 0.06152949520530471,
    "68": 0.11555305554524542,
    "64": 0.08043879523406047,
    "23": 0.13344706333097917,
    "31": 0.0773327667648667,
    "46": 0.15672090147549375,
    "55": 0.10534022961269374,
    "82": 0.08894551867275297,
    "77": 0.07718814351985231,
    "83": 0.054090710317329455,
    "20": 0.09919513806345029,
    "25": 0.09967174844402665,
    "36": 0.08103777015372203,
    "50": 0.09914642104190277,
    "59": 0.09554092545272629,
    "72": 0.051988435363645585
  },
  "lengthGiniCoeff_ignoringGuardCells": {
    "2": 0.17781375193759627,
    "6": 0.15626148964598463,
    "13": 0.23705436454292123,
    "15": 0.1877542618782664,
    "10": 0.2861631935080098,
    "48": 0.18267815865365455,
    "3": 0.18615637248252986,
    "24": 0.14707676625355579,
    "32": 0.16094148190985325,
    "56": 0.3047520898181794,
    "4": 0.14022167752675851,
    "17": 0.1268015730362933,
    "60": 0.11738488595023988,
    "9": 0.09367200232935015,
    "19": 0.1630869383668359,
    "26": 0.14056951667816406,
    "34": 0.2899562418647468,
    "58": 0.26096843853038937,
    "18": 0.14431051375596632,
    "53": 0.20096891332742461,
    "68": 0.29386978847042955,
    "64": 0.20142808020538464,
    "23": 0.19318323530437143,
    "31": 0.11889539340757692,
    "46": 0.18951339158522915,
    "55": 0.2956286628645031,
    "82": 0.1669330121471425,
    "77": 0.14424372172788416,
    "83": 0.12522365518806214,
    "20": 0.11241210630873284,
    "25": 0.19344750752944803,
    "36": 0.2741846476101971,
    "50": 0.2128923374900041,
    "59": 0.18428504711896895,
    "72": 0.24164619382257108
  }
}