{
  "2": 0.948948948948949,
  "6": 0.8080808080808081,
  "13": 0.7303014278159704,
  "15": 0.8107344632768362,
  "10": 0.7276214833759591,
  "48": 0.7389006342494715,
  "3": 0.7524801587301587,
  "24": 0.7715846994535519,
  "32": 0.7890710382513662,
  "56": 0.8164705882352942,
  "4": 0.9238095238095239,
  "17": 0.8714285714285714,
  "60": 0.8717948717948718,
  "9": 0.8490127758420442,
  "19": 0.8118466898954704,
  "26": 0.8448637316561844,
  "34": 0.8145363408521303,
  "58": 0.8792517006802721,
  "18": 0.818295739348371,
  "53": 0.722718253968254,
  "68": 0.7241067390321122,
  "64": 0.760655737704918,
  "23": 0.8043010752688172,
  "31": 0.8151629072681704,
  "46": 0.7044897959183674,
  "55": 0.6579710144927536,
  "82": 0.780241935483871,
  "77": 0.9051282051282051,
  "83": 0.8686401480111008,
  "20": 0.8406708595387841,
  "25": 0.8182926829268292,
  "36": 0.8823529411764706,
  "50": 0.7829036635006784,
  "59": 0.907312925170068,
  "72": 0.8294010889292196
}