{"2": [162.72642671410975, 83.36814013959217], "4": [107.80265317286653, 146.50246170678338], "3": [255.1256892407748, 114.91983599604129], "5": [191.72902534808998, 175.31310246340593], "11": [136.66986794717886, 242.2154861944778], "12": [192.9369898792034, 269.1576885406464], "23": [116.07822445561139, 331.4246231155779], "13": [264.85566188197765, 244.6060606060606], "27": [206.81706173831526, 357.381143698942], "36": [216.53443935926774, 456.04061784897027], "39": [132.9934757788289, 465.33159354102105], "57": [80.25330464186905, 528.3879495849984], "9": [349.10190992018244, 235.21251425313568], "18": [319.08204428268124, 320.0007582650895], "31": [374.6670125557746, 426.04721386323547], "47": [428.2905551550108, 522.5048305695747], "52": [363.93429708438237, 614.3959230082027], "49": [275.61380400421496, 557.2762908324552], "51": [163.0592741200073, 534.0249863213569], "55": [163.4210066410346, 610.1805312827682], "56": [220.03173311635476, 595.1326281529699], "64": [238.12198310539017, 713.2433628318585], "63": [308.78688524590166, 695.117941712204], "67": [311.39121504187074, 797.9745615421077], "66": [400.2122833546586, 742.3641968128417], "26": [544.4059800664452, 348.6807973421927], "33": [556.4805567830314, 452.6604065399912]}