{
  "2": 5.1375945102104135,
  "4": 5.026798023426113,
  "3": 5.029331294370189,
  "5": 4.840635635062366,
  "11": 4.863255851103135,
  "12": 4.906511397914206,
  "23": 4.913631084522029,
  "13": 4.91536415020365,
  "27": 4.934712654059994,
  "36": 5.1657558464639255,
  "39": 4.807745583387827,
  "57": 4.888125112324701,
  "9": 4.956879522312314,
  "18": 5.034703746271592,
  "31": 5.179454266064594,
  "47": 4.986317872611324,
  "52": 5.213247152572358,
  "49": 5.2984252403320955,
  "51": 4.798694883329274,
  "55": 5.050428238694099,
  "56": 4.835189651851059,
  "64": 5.0864282707790816,
  "63": 4.9369424308179015,
  "67": 4.98865939316047,
  "66": 5.020113033845754,
  "26": 4.8841600797584555,
  "33": 4.946728228627917
}