{
  "angleGiniCoeff": {
    "2": 0.07413173632899463,
    "4": 0.08584130546303433,
    "3": 0.09311143203831382,
    "5": 0.06121867308950059,
    "11": 0.1414567690323494,
    "12": 0.11515566488963132,
    "23": 0.04554130057917848,
    "13": 0.13417740692259228,
    "27": 0.15409827646792443,
    "36": 0.07962706828712994,
    "39": 0.03955823943638915,
    "57": 0.08946766876717148,
    "9": 0.09915199505518194,
    "18": 0.09055006510950331,
    "31": 0.12351979007934277,
    "47": 0.09373016363944738,
    "52": 0.1310058960130794,
    "49": 0.14914121256575114,
    "51": 0.09172534380617292,
    "55": 0.12369641528753479,
    "56": 0.18746876117078076,
    "64": 0.09165754222133929,
    "63": 0.08681850598907231,
    "67": 0.1712668102928131,
    "66": 0.13519589902658782,
    "26": 0.09149580932690604,
    "33": 0.12250926007530241
  },
  "lengthGiniCoeff": {
    "2": 0.1316850819518753,
    "4": 0.257377657205873,
    "3": 0.1830486398195324,
    "5": 0.19138096870438343,
    "11": 0.20214972944702542,
    "12": 0.12196797469988299,
    "23": 0.20785300955208832,
    "13": 0.28371902324290016,
    "27": 0.1410742377454645,
    "36": 0.3373298532449902,
    "39": 0.05777291393468208,
    "57": 0.17601364137466,
    "9": 0.2641532045426358,
    "18": 0.23431012326421408,
    "31": 0.36560474990852687,
    "47": 0.13176672808553466,
    "52": 0.20250389522879714,
    "49": 0.23057072512796775,
    "51": 0.1306263876194967,
    "55": 0.3211190798338641,
    "56": 0.24954931202038363,
    "64": 0.4088765626641403,
    "63": 0.22512685065197172,
    "67": 0.1702417847159705,
    "66": 0.2808558439920563,
    "26": 0.1956880705873734,
    "33": 0.19169952113990218
  }
}