{
  "angleGiniCoeff_ignoringGuardCells": {
    "2": 0.07413173632899463,
    "4": 0.09354739292668626,
    "3": 0.10077701688928657,
    "5": 0.06121867308950059,
    "11": 0.1414567690323494,
    "12": 0.08502423456814064,
    "23": 0.04850416801384272,
    "13": 0.11194641555787095,
    "27": 0.15895367734338886,
    "36": 0.07962706828712994,
    "39": 0.04285826087981153,
    "57": 0.08946766876717148,
    "9": 0.09915199505518194,
    "18": 0.09507143632807336,
    "31": 0.10389981964976082,
    "47": 0.08374444795256412,
    "52": 0.13367349602931808,
    "49": 0.14914121256575114,
    "51": 0.09172534380617292,
    "55": 0.0605774862666533,
    "56": 0.191512802708345,
    "64": 0.09165754222133929,
    "63": 0.08681850598907231,
    "67": 0.137045595920826,
    "66": 0.10171545284857852,
    "26": 0.09149580932690604,
    "33": 0.10052284669040515
  },
  "lengthGiniCoeff_ignoringGuardCells": {
    "2": 0.1316850819518753,
    "4": 0.257377657205873,
    "3": 0.1830486398195324,
    "5": 0.19138096870438343,
    "11": 0.20214972944702542,
    "12": 0.12196797469988299,
    "23": 0.20785300955208832,
    "13": 0.3039204677313187,
    "27": 0.1410742377454645,
    "36": 0.3373298532449902,
    "39": 0.05777291393468208,
    "57": 0.17601364137466,
    "9": 0.2641532045426358,
    "18": 0.23431012326421408,
    "31": 0.36560474990852687,
    "47": 0.13176672808553466,
    "52": 0.20250389522879714,
    "49": 0.23057072512796775,
    "51": 0.1306263876194967,
    "55": 0.3211190798338641,
    "56": 0.24954931202038363,
    "64": 0.4088765626641403,
    "63": 0.22512685065197172,
    "67": 0.1702417847159705,
    "66": 0.2808558439920563,
    "26": 0.1956880705873734,
    "33": 0.19169952113990218
  }
}