{
  "2": 0.700354609929078,
  "4": 0.7391304347826086,
  "3": 0.7729789590254706,
  "5": 0.8348348348348348,
  "11": 0.7873015873015873,
  "12": 0.7793263646922184,
  "23": 0.8083670715249662,
  "13": 0.8266129032258065,
  "27": 0.7296099290780141,
  "36": 0.7118367346938775,
  "39": 0.829302987197724,
  "57": 0.8256410256410256,
  "9": 0.769656699889258,
  "18": 0.7530454042081949,
  "31": 0.6415300546448087,
  "47": 0.8117386489479512,
  "52": 0.5992763455450023,
  "49": 0.5846994535519126,
  "51": 0.8672268907563025,
  "55": 0.7096399535423926,
  "56": 0.8596059113300493,
  "64": 0.6922558922558922,
  "63": 0.7300150829562594,
  "67": 0.7585825027685493,
  "66": 0.7346938775510204,
  "26": 0.8172757475083057,
  "33": 0.773061224489796
}