{"2": [122.75642201834863, 58.56605504587156], "16": [85.85765258215963, 122.7900469483568], "18": [47.728309713100586, 226.60611821638437], "5": [167.19188518781007, 115.66761162296244], "14": [106.18374100719424, 206.23064748201438], "30": [66.07451112609576, 309.2326365475388], "4": [247.5463491158015, 115.04207073588135], "19": [182.34768803333995, 219.75888073030364], "26": [152.54717602502882, 292.5216532191668], "36": [95.06410013275175, 363.06865162146784], "3": [288.41769778777655, 80.11811023622047], "17": [229.55326042932361, 197.24017820980154], "39": [156.33849821215733, 378.326579261025], "7": [325.11959114139694, 139.01533219761498], "15": [282.37558247903075, 205.78720099409753], "23": [265.8821711415878, 266.1139656171528], "29": [207.18509360649946, 315.8572942423172], "41": [149.0218105065666, 426.500234521576], "11": [359.1308324001493, 194.09854423292273], "27": [337.45118366083864, 280.1814946619217], "35": [261.0175247928271, 362.68183670696914], "52": [223.71162243869668, 473.27510917030565], "20": [416.3157894736842, 205.8216970998926], "24": [426.22505718810487, 264.52542671124405], "32": [389.6804374240583, 325.57654921020657], "47": [326.2903402104113, 391.6300040989206], "44": [269.0674157303371, 439.9769038701623], "48": [305.4811199589006, 478.9378371435911], "51": [288.3592074592075, 534.6037296037296], "13": [520.7528904565942, 192.22594552224183], "22": [470.16912972085385, 217.99967159277503], "25": [519.2825739408473, 263.5673461231015], "34": [456.8286958965711, 356.8833614390107], "38": [381.5798258345428, 392.37953555878084], "43": [429.8804039129063, 463.958819816977]}