{
  "2": 4.718014815935122,
  "16": 4.9667008007604885,
  "18": 4.950603667682389,
  "5": 4.865399797571016,
  "14": 4.96199956745024,
  "30": 4.9018357806144826,
  "4": 5.0223518202162545,
  "19": 4.923574436088153,
  "26": 4.9191409499317515,
  "36": 4.9307884795930965,
  "3": 4.798820826472977,
  "17": 4.847052793788928,
  "39": 4.829488231854202,
  "7": 4.854651210279281,
  "15": 4.856222563648103,
  "23": 4.866231445208328,
  "29": 4.936217377945756,
  "41": 4.815755044000776,
  "11": 4.920576147998627,
  "27": 5.024459076084737,
  "35": 5.06269132124624,
  "52": 5.0658337677040315,
  "20": 4.880725247893976,
  "24": 4.928702489862616,
  "32": 5.074604099172985,
  "47": 5.07239857317111,
  "44": 4.8566808546101985,
  "48": 4.845328564782612,
  "51": 4.830409244667616,
  "13": 4.855532169848644,
  "22": 4.8540318163493295,
  "25": 4.7704066888340435,
  "34": 4.885291085531967,
  "38": 4.755557979481154,
  "43": 4.870941827075412
}