{
  "angleGiniCoeff_ignoringGuardCells": {
    "2": 0.060760226232609085,
    "16": 0.0856823176631005,
    "18": 0.10049586142374878,
    "5": 0.0805449312416476,
    "14": 0.07712085463709469,
    "30": 0.08664081741777968,
    "4": 0.07218208520009607,
    "19": 0.1335410493583153,
    "26": 0.1310880357628423,
    "36": 0.10031689313817506,
    "3": 0.1037271633573393,
    "17": 0.05181540390307031,
    "39": 0.08341016800764052,
    "7": 0.08078808177845874,
    "15": 0.07336671945224664,
    "23": 0.08124154488421342,
    "29": 0.05873894546632126,
    "41": 0.10226124247926949,
    "11": 0.09035558058742708,
    "27": 0.06319813542048472,
    "35": 0.07603202278039634,
    "52": 0.10519498707040421,
    "20": 0.13485484607946585,
    "24": 0.11157285399523087,
    "32": 0.1219580761769109,
    "47": 0.09576034115882749,
    "44": 0.11876155124337036,
    "48": 0.08008075595327178,
    "51": 0.0506200380754078,
    "13": 0.0981913395046181,
    "22": 0.12002073801436858,
    "25": 0.06374672086310737,
    "34": 0.10039520590856096,
    "38": 0.11702389082702111,
    "43": 0.05498394074572981
  },
  "lengthGiniCoeff_ignoringGuardCells": {
    "2": 0.20675993825962402,
    "16": 0.11372766855524916,
    "18": 0.21412279098010673,
    "5": 0.1909864450077916,
    "14": 0.25952533509602416,
    "30": 0.15877737714186374,
    "4": 0.1839532064950332,
    "19": 0.24285362010625422,
    "26": 0.3049828893368432,
    "36": 0.13216317076004983,
    "3": 0.19732997331638638,
    "17": 0.153559516831325,
    "39": 0.16115946981753274,
    "7": 0.10226516464833875,
    "15": 0.21747466976148477,
    "23": 0.15557839528635392,
    "29": 0.39559428274301844,
    "41": 0.1723994721514104,
    "11": 0.1559909581954936,
    "27": 0.1709056080627373,
    "35": 0.276077728552396,
    "52": 0.14364942104076478,
    "20": 0.21107913459431943,
    "24": 0.14831468114182295,
    "32": 0.2000496978432675,
    "47": 0.20658108403804676,
    "44": 0.14461381507819307,
    "48": 0.13415541433384173,
    "51": 0.1139751468743048,
    "13": 0.16648913958498315,
    "22": 0.24775272802624324,
    "25": 0.28902657811509264,
    "34": 0.20383105754765937,
    "38": 0.18290931588119175,
    "43": 0.2594318067383856
  }
}