{
  "2": 0.9567099567099567,
  "16": 0.7948717948717948,
  "18": 0.7341463414634146,
  "5": 0.7951635846372689,
  "14": 0.7464646464646465,
  "30": 0.8306878306878307,
  "4": 0.7536997885835095,
  "19": 0.7705802968960864,
  "26": 0.7634146341463415,
  "36": 0.8095238095238095,
  "3": 0.9209486166007905,
  "17": 0.8804347826086957,
  "39": 0.8888888888888888,
  "7": 0.8615384615384616,
  "15": 0.8571428571428571,
  "23": 0.8470588235294118,
  "29": 0.8097165991902834,
  "41": 0.8870967741935484,
  "11": 0.8333333333333334,
  "27": 0.7541528239202658,
  "35": 0.744927536231884,
  "52": 0.7409988385598142,
  "20": 0.8142292490118577,
  "24": 0.767948717948718,
  "32": 0.719758064516129,
  "47": 0.6751700680272109,
  "44": 0.8105263157894737,
  "48": 0.8988505747126436,
  "51": 0.9139784946236559,
  "13": 0.8228228228228228,
  "22": 0.8376068376068376,
  "25": 0.9166666666666666,
  "34": 0.82281284606866,
  "38": 0.9126436781609195,
  "43": 0.8307692307692308
}