{"2": [300.24571686203785, 94.33596333032762], "6": [204.38968126007688, 203.882921989334], "22": [103.85851268956173, 385.36114440564904], "7": [342.56432008731457, 221.2766780770948], "10": [206.20773724642348, 373.18501311007867], "27": [104.07830286305622, 543.7280671495918], "4": [477.6513955900257, 232.2444875321279], "15": [330.3575123949127, 416.8096033627937], "24": [252.0029952279419, 538.8492740379734], "32": [140.8611511284901, 644.7815737120121], "3": [567.056953363512, 170.62922412885567], "14": [423.6119972260749, 378.97202958853444], "37": [231.72199413489736, 685.0723362658847], "8": [601.795111066031, 288.857896338371], "17": [506.6050032209577, 406.24726218595663], "23": [454.3102198181609, 514.9785936241225], "30": [338.6538822425522, 602.5119047619048], "40": [200.50244864644267, 775.7900965854985], "16": [639.3731895894588, 401.9773494500708], "26": [563.9972679031156, 552.749172489886], "34": [404.2993322588073, 696.891595671195], "41": [298.18531363088056, 877.9603940490551], "19": [735.1260666559331, 435.76783126710677], "25": [724.2230157441974, 542.7280203430179], "31": [639.4566336957411, 640.1456715441838], "36": [499.81576830249395, 751.9500733519474], "42": [399.0781087273485, 830.5042699437618], "48": [435.972576785002, 905.9849421619466], "47": [382.5401236712291, 999.5891058153269], "18": [910.1670799053308, 425.4541305082836], "21": [815.5694534456686, 468.0820911643984], "29": [882.409105380452, 558.7061445399554], "35": [749.4926470588235, 718.9758210032479], "38": [603.0427685416487, 777.1090963907313], "44": [660.1329162976085, 922.1096656333038]}