{
  "2": 4.752777897298437,
  "6": 4.965039933780965,
  "22": 4.873179137883434,
  "7": 4.892627609967485,
  "10": 4.967313828417383,
  "27": 4.929890160640632,
  "4": 4.961712159949877,
  "15": 4.9205445945188355,
  "24": 4.849257455461043,
  "32": 4.8943333888152445,
  "3": 4.772031604758928,
  "14": 4.823696253013556,
  "37": 4.809051740912196,
  "8": 4.859834644434296,
  "17": 4.852528540836543,
  "23": 4.797729090799239,
  "30": 4.821585669183666,
  "40": 4.8673004976067595,
  "16": 4.874262923725268,
  "26": 4.914060011324014,
  "34": 5.019185950052541,
  "41": 4.949390835812038,
  "19": 4.938690114738992,
  "25": 4.9307540306769555,
  "31": 5.041371243445463,
  "36": 5.012169002061978,
  "42": 4.876315927301447,
  "48": 4.8186254437665195,
  "47": 4.754208740379247,
  "18": 4.8100021480732185,
  "21": 4.919156217057027,
  "29": 4.756577597691738,
  "35": 4.82024911619558,
  "38": 4.757773683280144,
  "44": 4.822874232550778
}