{
  "angleGiniCoeff_ignoringGuardCells": {
    "2": 0.04950705190509571,
    "6": 0.08431927420568865,
    "22": 0.10511115352561479,
    "7": 0.10902790891088332,
    "10": 0.07243199163607489,
    "27": 0.1346145557921541,
    "4": 0.06030509770403628,
    "15": 0.10432508752556231,
    "24": 0.11186974937058454,
    "32": 0.09867325428731817,
    "3": 0.0705282176648193,
    "14": 0.033759466293570795,
    "37": 0.07395642220872553,
    "8": 0.09012571154333791,
    "17": 0.053138713521675957,
    "23": 0.0953508742808265,
    "30": 0.08560023590245645,
    "40": 0.10596054234812254,
    "16": 0.09484216927661951,
    "26": 0.05812104236265688,
    "34": 0.08168768758011916,
    "41": 0.08963302785251417,
    "19": 0.14611559941030802,
    "25": 0.0877532882836519,
    "31": 0.15848761279494472,
    "36": 0.08725037256883217,
    "42": 0.11403589779582023,
    "48": 0.08696737373189214,
    "47": 0.04641814466156378,
    "18": 0.09621931437482505,
    "21": 0.11723367400182719,
    "29": 0.0747746853174873,
    "35": 0.09356304582400357,
    "38": 0.09132875890006849,
    "44": 0.050392241942508846
  },
  "lengthGiniCoeff_ignoringGuardCells": {
    "2": 0.15268728911843438,
    "6": 0.16452637043278562,
    "22": 0.25229343829690787,
    "7": 0.16771796212839923,
    "10": 0.289808599508094,
    "27": 0.17103813405640186,
    "4": 0.20588179799784148,
    "15": 0.13554764644326092,
    "24": 0.16789809504675168,
    "32": 0.12721018235307974,
    "3": 0.12830201044263412,
    "14": 0.10504035322415409,
    "37": 0.08948286671541406,
    "8": 0.1135599315463737,
    "17": 0.1854057995799243,
    "23": 0.1433509184594176,
    "30": 0.29243914173571367,
    "40": 0.14461849008165079,
    "16": 0.13097766292835863,
    "26": 0.22608555528086122,
    "34": 0.2786203133521563,
    "41": 0.233334549144553,
    "19": 0.16935095349861998,
    "25": 0.09268132427908868,
    "31": 0.19526669072752886,
    "36": 0.2577052040736387,
    "42": 0.13802973124480017,
    "48": 0.14451904582716393,
    "47": 0.1326424711036131,
    "18": 0.12460178469311363,
    "21": 0.19483406039713153,
    "29": 0.26218575014115997,
    "35": 0.25630928718110196,
    "38": 0.17534099476577383,
    "44": 0.2460229890356624
  }
}