{
  "2": 0.9644412191582002,
  "6": 0.7776223776223776,
  "22": 0.7297297297297297,
  "7": 0.7902702702702703,
  "10": 0.6984952120383037,
  "27": 0.7812244897959184,
  "4": 0.7262737262737263,
  "15": 0.7628070175438596,
  "24": 0.7975646879756468,
  "32": 0.8112994350282486,
  "3": 0.9212121212121213,
  "14": 0.8579710144927536,
  "37": 0.8621848739495799,
  "8": 0.7865761689291101,
  "17": 0.7888386123680241,
  "23": 0.862004662004662,
  "30": 0.7971014492753623,
  "40": 0.867231638418079,
  "16": 0.798904538341158,
  "26": 0.7279279279279279,
  "34": 0.707716049382716,
  "41": 0.7455855855855856,
  "19": 0.8141025641025641,
  "25": 0.7871635610766046,
  "31": 0.6848228450555262,
  "36": 0.6146812957157785,
  "42": 0.7557354925775979,
  "48": 0.8971631205673759,
  "47": 0.8701298701298701,
  "18": 0.8230904302019315,
  "21": 0.8,
  "29": 0.8584699453551913,
  "35": 0.7753086419753087,
  "38": 0.9428571428571428,
  "44": 0.8252853380158033
}