{"5": [77.93795528761618, 60.92338608389852], "11": [59.67779632721202, 116.21925431274346], "3": [152.12941176470588, 38.731600547195626], "10": [128.60352250489237, 96.70176125244619], "18": [111.8793893129771, 153.54847328244276], "16": [161.07019824504388, 145.79558011049724], "26": [134.35763601215135, 211.95167080916875], "14": [198.24875069405886, 108.87673514714048], "23": [202.23572170301142, 190.49844236760126], "32": [244.61063780796684, 247.98549389822702], "38": [197.3858543417367, 288.65511204481794], "44": [184.1896907216495, 346.5178694158076], "8": [250.02139384116694, 73.76401944894651], "15": [259.54422411079634, 130.30563424614417], "22": [329.3128555176337, 171.03617747440273], "28": [388.65646258503403, 208.55102040816325], "35": [374.03563897089833, 278.9742724588781], "36": [310.40928062852936, 280.51730910876506], "39": [235.81132879045995, 313.4608177172061], "45": [257.33086634740965, 352.9081410535481], "41": [286.2267558528428, 322.2862876254181], "46": [330.0550432276657, 374.7694524495677], "43": [362.18810883439704, 342.36378904937857], "48": [393.02066532258067, 390.64112903225805], "40": [425.01066350710903, 333.7976895734597], "6": [404.58097165991904, 77.26214574898785], "13": [437.32251847092834, 127.0051397365885]}