{
  "5": 4.9152273099063235,
  "11": 4.929789518630818,
  "3": 4.933781233495746,
  "10": 4.821159644052672,
  "18": 4.877821805148003,
  "16": 4.874202097630655,
  "26": 4.9395743750757,
  "14": 4.777350717890974,
  "23": 4.948514742151705,
  "32": 5.117100110755982,
  "38": 4.819122241689814,
  "44": 4.821362341661274,
  "8": 4.839569877057878,
  "15": 5.1063811504247925,
  "22": 5.010119758036462,
  "28": 4.856950682995734,
  "35": 5.140324031849698,
  "36": 5.099160284737887,
  "39": 4.802212966852259,
  "45": 4.886135184081022,
  "41": 4.805968399185088,
  "46": 5.067493782819561,
  "43": 4.951918682435511,
  "48": 4.846019312716939,
  "40": 4.852606447279855,
  "6": 4.822537276951132,
  "13": 4.864514565067453
}