{
  "angleGiniCoeff_ignoringGuardCells": {
    "5": 0.033166181123647775,
    "11": 0.08168072984137564,
    "3": 0.037973725950403686,
    "10": 0.06580925685827375,
    "18": 0.06737642272247672,
    "16": 0.11365123108962345,
    "26": 0.048399206210918866,
    "14": 0.07738409881061593,
    "23": 0.08378443846813008,
    "32": 0.051731762025607045,
    "38": 0.04269251645045825,
    "44": 0.09221650891748112,
    "8": 0.0960261345536293,
    "15": 0.09902204085303598,
    "22": 0.10718781218876676,
    "28": 0.07417411721197038,
    "35": 0.12572512925630536,
    "36": 0.09912899537707329,
    "39": 0.056106960124358556,
    "45": 0.07658694397526318,
    "41": 0.0570569458624932,
    "46": 0.1317786578940639,
    "43": 0.08021207116498232,
    "48": 0.051009534742362354,
    "40": 0.09378791214442139,
    "6": 0.09101205119754817,
    "13": 0.0934984336269664
  },
  "lengthGiniCoeff_ignoringGuardCells": {
    "5": 0.16280082944604807,
    "11": 0.19336050932578522,
    "3": 0.1347998702214234,
    "10": 0.23100969114370823,
    "18": 0.16125660870708847,
    "16": 0.12661381987878773,
    "26": 0.14260689163565535,
    "14": 0.26978788251938246,
    "23": 0.14626185960460666,
    "32": 0.13657905985619534,
    "38": 0.08133983029729697,
    "44": 0.13829777647294,
    "8": 0.20703062353354781,
    "15": 0.21300842087024635,
    "22": 0.19239138473271664,
    "28": 0.12750690794014413,
    "35": 0.29121560044131056,
    "36": 0.2622366625848904,
    "39": 0.1636942515579824,
    "45": 0.27667668520784644,
    "41": 0.16100148979752024,
    "46": 0.36615548809340814,
    "43": 0.1979704170182056,
    "48": 0.1210353027752513,
    "40": 0.1813927020675229,
    "6": 0.20951283126151313,
    "13": 0.18910215524530052
  }
}