{
  "5": 0.8021505376344086,
  "11": 0.8298850574712644,
  "3": 0.8528735632183908,
  "10": 0.8731884057971014,
  "18": 0.8338461538461538,
  "16": 0.8347578347578347,
  "26": 0.8160919540229885,
  "14": 0.8809523809523809,
  "23": 0.7803030303030303,
  "32": 0.753968253968254,
  "38": 0.8290598290598291,
  "44": 0.8892307692307693,
  "8": 0.8518518518518519,
  "15": 0.7906403940886699,
  "22": 0.7282282282282282,
  "28": 0.8833333333333333,
  "35": 0.6558704453441295,
  "36": 0.6888888888888889,
  "39": 0.9407114624505929,
  "45": 0.8066666666666666,
  "41": 0.9084967320261438,
  "46": 0.7548387096774194,
  "43": 0.7962962962962963,
  "48": 0.8961038961038961,
  "40": 0.8253968253968254,
  "6": 0.8966666666666666,
  "13": 0.8376068376068376
}