{"19": [54.58134155744025, 207.57054741711642], "31": [105.72748668400843, 272.4275981667286], "24": [130.31127356675646, 211.3347441323586], "11": [198.6650865998177, 148.46800364630812], "25": [212.85492227979276, 237.78874234573718], "39": [199.54139194139194, 352.2], "47": [142.12978863936593, 398.235964332893], "10": [271.31096357437644, 143.11627489682397], "20": [302.81539408866996, 219.7198275862069], "59": [257.5161745439887, 347.3449561624509], "51": [317.15884665792925, 342.3766710353866], "8": [349.5540096618357, 124.3016425120773], "21": [379.0419685990338, 209.02022946859904], "41": [379.860847687246, 270.1896651828914], "50": [379.2132663316583, 397.6824120603015], "3": [411.21171634121276, 96.86519355943817], "16": [459.2560738581147, 186.18586005830903], "30": [451.03274168533517, 269.71997242805446], "49": [487.2251948051948, 338.6658441558442], "60": [463.4066425377901, 471.6636150734511], "72": [502.21510368307025, 515.0622098421542], "12": [478.9975676990433, 86.16020755634831], "14": [514.8357474719869, 172.8272752118065], "28": [519.6453413482182, 246.55238299699442], "43": [559.9896488735538, 320.9622488329612], "57": [544.9958566024139, 403.68636281751037]}