{
  "19": 4.923649087959208,
  "31": 4.877960591982121,
  "24": 5.040408994191868,
  "11": 4.837432598315822,
  "25": 5.149354693939991,
  "39": 4.8013014631283495,
  "47": 4.819695251071133,
  "10": 4.868540976969298,
  "20": 5.015727445862292,
  "59": 4.8694672198842195,
  "51": 4.856496838845491,
  "8": 4.937907381624456,
  "21": 4.997211186387896,
  "41": 4.946832372430571,
  "50": 4.805651216107328,
  "3": 5.033438018400707,
  "16": 4.91678409620152,
  "30": 4.902553782140327,
  "49": 4.915707523602645,
  "60": 4.8897336146985335,
  "72": 4.974683191952469,
  "12": 4.873488911767986,
  "14": 4.789395002630523,
  "28": 4.835960870570889,
  "43": 4.869310252534552,
  "57": 4.927376252165701
}