{
  "angleGiniCoeff_ignoringGuardCells": {
    "19": 0.09373176155192342,
    "31": 0.12495079052985571,
    "24": 0.07832523209070388,
    "11": 0.09310769132096379,
    "25": 0.04413919975082442,
    "39": 0.10591518541247684,
    "47": 0.057001998666590496,
    "10": 0.048760700540601484,
    "20": 0.05415549687270859,
    "59": 0.07974441807928782,
    "51": 0.151736005388905,
    "8": 0.08971501744424794,
    "21": 0.10278332477516029,
    "41": 0.11824596671088165,
    "50": 0.0558357336217807,
    "3": 0.09704782505553745,
    "16": 0.10699136441780353,
    "30": 0.10775417296436986,
    "49": 0.10671976517754633,
    "60": 0.08495128431248934,
    "72": 0.1026699118310766,
    "12": 0.08598724174411929,
    "14": 0.06845100420544208,
    "28": 0.07875517077457679,
    "43": 0.09004399836697066,
    "57": 0.03719484412704131
  },
  "lengthGiniCoeff_ignoringGuardCells": {
    "19": 0.14316127280968732,
    "31": 0.21286699208011478,
    "24": 0.24055150474785275,
    "11": 0.27075385429762117,
    "25": 0.2087114663732083,
    "39": 0.24237212076956569,
    "47": 0.20483980165977628,
    "10": 0.1471624055872952,
    "20": 0.1362587286648313,
    "59": 0.38785874690018646,
    "51": 0.2255315518770783,
    "8": 0.25344394095837186,
    "21": 0.24589753765155123,
    "41": 0.1310044644225258,
    "50": 0.20788758410850194,
    "3": 0.25113127582779016,
    "16": 0.26424877819130504,
    "30": 0.20789270624239947,
    "49": 0.217221929572886,
    "60": 0.19829662550645494,
    "72": 0.23841026652520778,
    "12": 0.19240755674054005,
    "14": 0.21567094903436765,
    "28": 0.13452565316278858,
    "43": 0.24046211771789242,
    "57": 0.2355260567659337
  }
}