{
  "19": 0.8243243243243243,
  "31": 0.7807585568917669,
  "24": 0.8095238095238095,
  "11": 0.8394062078272605,
  "25": 0.75177304964539,
  "39": 0.8910256410256411,
  "47": 0.883357041251778,
  "10": 0.8633633633633634,
  "20": 0.813953488372093,
  "59": 0.7619047619047619,
  "51": 0.7811764705882352,
  "8": 0.8153153153153153,
  "21": 0.8091954022988506,
  "41": 0.8153153153153153,
  "50": 0.8705882352941177,
  "3": 0.7858974358974359,
  "16": 0.7985739750445633,
  "30": 0.8,
  "49": 0.7783687943262412,
  "60": 0.7777777777777778,
  "72": 0.8275862068965517,
  "12": 0.8097560975609757,
  "14": 0.9218390804597701,
  "28": 0.8770053475935828,
  "43": 0.8857142857142857,
  "57": 0.8243243243243243
}