{"36": [77.18131288931481, 319.5653090560613], "53": [85.71723315444245, 410.6220632081097], "78": [85.47336710940709, 576.0247843352047], "89": [119.6220832331008, 675.6898003367813], "28": [199.29367991845055, 241.35300713557595], "57": [172.2477916714466, 435.05540897097626], "69": [177.88441590516177, 554.5386515188935], "99": [245.59625442888478, 742.9137843765817], "86": [256.5866229354574, 636.9727070399438], "74": [296.0948275862069, 549.9599869876382], "56": [264.88827501534684, 455.9294045426642], "38": [231.0158964879852, 337.13345656192234], "32": [292.61301460823375, 275.267197875166], "12": [302.06026516673364, 177.4170349537967], "29": [413.52993456392227, 274.2650649477488], "18": [448.5771243009201, 190.26646220458235], "9": [437.7524190857524, 99.20470470470471], "8": [514.9071439498241, 118.41395135383203], "34": [520.2449886228194, 297.61751002275435], "46": [465.92711409395974, 384.69879194630875], "43": [578.3974278544542, 355.2296110414053], "45": [628.7538342069502, 397.7278198408076], "68": [585.4700245700245, 504.2039312039312], "82": [617.3837480559876, 578.4142042509072], "91": [600.3479001825929, 701.5325623858795], "92": [502.2861739469579, 705.9435452418097], "85": [423.62987387684444, 665.1668452724425], "64": [430.61763362265873, 515.0786888990407], "59": [367.1588235294118, 477.8043137254902], "84": [348.8464061608671, 611.9771819737592], "63": [514.6236915330595, 473.2601033523254], "81": [499.8483566940551, 596.6384726921218], "41": [325.3621056902323, 359.685769347804]}