{
  "36": 4.941322881226057,
  "53": 4.994525111256705,
  "78": 4.970469227691508,
  "89": 4.936760056378155,
  "28": 5.0833288105554475,
  "57": 5.101040682945663,
  "69": 5.038451145901592,
  "99": 4.902646337896861,
  "86": 4.998474960096616,
  "74": 4.808024255533282,
  "56": 5.245032758337391,
  "38": 4.984651660073778,
  "32": 4.781113809015768,
  "12": 5.076341110612285,
  "29": 5.220610206909721,
  "18": 4.924661083388657,
  "9": 4.90513200378542,
  "8": 4.888815208966052,
  "34": 5.025243110347007,
  "46": 4.899484530856273,
  "43": 4.980085501296305,
  "45": 5.156809920303258,
  "68": 4.88252886604328,
  "82": 4.980609630964343,
  "91": 5.119875527043197,
  "92": 5.136835122616205,
  "85": 5.134689043784347,
  "64": 4.917710323643152,
  "59": 4.9856602247941,
  "84": 4.88064248981698,
  "63": 4.96986340917208,
  "81": 5.076416610378944,
  "41": 5.166928960866344
}