{
  "angleGiniCoeff": {
    "36": 0.10609896511179458,
    "53": 0.11147771198280858,
    "78": 0.1367623670142097,
    "89": 0.1037120534582823,
    "28": 0.143158555879152,
    "57": 0.07939854546001465,
    "69": 0.09877298352439105,
    "99": 0.1234237835426922,
    "86": 0.11710324892418068,
    "74": 0.15393304862071835,
    "56": 0.1364842309992251,
    "38": 0.10392367588436577,
    "32": 0.10408241133879904,
    "12": 0.12982769055043392,
    "29": 0.09283380781059837,
    "18": 0.10234558854532666,
    "9": 0.18386971412304667,
    "8": 0.0610742714189956,
    "34": 0.1632760373580506,
    "46": 0.08573054186460391,
    "43": 0.10328643304751545,
    "45": 0.1208734073481816,
    "68": 0.11937208425092286,
    "82": 0.08850376836049317,
    "91": 0.15834499289848603,
    "92": 0.10745105161026,
    "85": 0.13614388316082635,
    "64": 0.08619841228090684,
    "59": 0.1192970268338092,
    "84": 0.06285934833784187,
    "63": 0.11779632196614093,
    "81": 0.13667812100536558,
    "41": 0.10538811459218883
  },
  "lengthGiniCoeff": {
    "36": 0.3276994036532869,
    "53": 0.27354904523763685,
    "78": 0.25026119043454376,
    "89": 0.27065470873920044,
    "28": 0.24336817151537424,
    "57": 0.2103077537503735,
    "69": 0.1522474318847546,
    "99": 0.15795855143054277,
    "86": 0.23222884921349082,
    "74": 0.12217926143131204,
    "56": 0.28412535163456765,
    "38": 0.07349912506293978,
    "32": 0.10346407223175345,
    "12": 0.22749602961766724,
    "29": 0.35288812983128764,
    "18": 0.1408599090285704,
    "9": 0.20364598505400403,
    "8": 0.23685930458046162,
    "34": 0.201653757476476,
    "46": 0.25955352222392003,
    "43": 0.15185809993993724,
    "45": 0.26040249766645207,
    "68": 0.12896364190505502,
    "82": 0.18956722671882256,
    "91": 0.2994268346365686,
    "92": 0.31866368359236624,
    "85": 0.32637233523811715,
    "64": 0.23106104094231505,
    "59": 0.3430246891155565,
    "84": 0.19026846854841412,
    "63": 0.23189841127915606,
    "81": 0.2635203417924133,
    "41": 0.13963599625408668
  }
}