{
  "angleGiniCoeff_ignoringGuardCells": {
    "36": 0.06760449354264825,
    "53": 0.11147771198280858,
    "78": 0.10346135254336782,
    "89": 0.1037120534582823,
    "28": 0.11945193258406332,
    "57": 0.08288799450755505,
    "69": 0.09877298352439105,
    "99": 0.1234237835426922,
    "86": 0.08390840995578665,
    "74": 0.11045111642939426,
    "56": 0.14754994981299074,
    "38": 0.07193812602299042,
    "32": 0.055806480983229774,
    "12": 0.12982769055043392,
    "29": 0.08408780373808467,
    "18": 0.10234558854532666,
    "9": 0.13919992199118,
    "8": 0.0610742714189956,
    "34": 0.15921832693027546,
    "46": 0.08573054186460391,
    "43": 0.09939374164996248,
    "45": 0.08287098243651866,
    "68": 0.1256836863389792,
    "82": 0.05507345028145926,
    "91": 0.15834499289848603,
    "92": 0.11228180063924452,
    "85": 0.08824724031134962,
    "64": 0.08619841228090684,
    "59": 0.1192970268338092,
    "84": 0.0658832830227676,
    "63": 0.09243251054059261,
    "81": 0.055253471984219954,
    "41": 0.08033394127219369
  },
  "lengthGiniCoeff_ignoringGuardCells": {
    "36": 0.3276994036532869,
    "53": 0.27354904523763685,
    "78": 0.25026119043454376,
    "89": 0.27065470873920044,
    "28": 0.1748504275479144,
    "57": 0.2103077537503735,
    "69": 0.1522474318847546,
    "99": 0.15795855143054277,
    "86": 0.2313912415960769,
    "74": 0.11135094616016948,
    "56": 0.28412535163456765,
    "38": 0.07349912506293978,
    "32": 0.10346407223175345,
    "12": 0.22749602961766724,
    "29": 0.35288812983128764,
    "18": 0.1408599090285704,
    "9": 0.22297306183606555,
    "8": 0.23685930458046162,
    "34": 0.14680784995187868,
    "46": 0.25955352222392003,
    "43": 0.15185809993993724,
    "45": 0.26040249766645207,
    "68": 0.12896364190505502,
    "82": 0.18535126720424214,
    "91": 0.2994268346365686,
    "92": 0.31866368359236624,
    "85": 0.3424437891985735,
    "64": 0.23106104094231505,
    "59": 0.3430246891155565,
    "84": 0.19026846854841412,
    "63": 0.2362063423148407,
    "81": 0.2635203417924133,
    "41": 0.136762224534752
  }
}