{
  "36": 0.7601809954751131,
  "53": 0.7548566142460684,
  "78": 0.7780126849894292,
  "89": 0.7730496453900709,
  "28": 0.705800139762404,
  "57": 0.7380952380952381,
  "69": 0.7004081632653061,
  "99": 0.7939024390243903,
  "86": 0.7668439716312057,
  "74": 0.8690958164642375,
  "56": 0.6303030303030303,
  "38": 0.7429078014184397,
  "32": 0.896551724137931,
  "12": 0.7300150829562594,
  "29": 0.6585213032581454,
  "18": 0.8108108108108109,
  "9": 0.8191632928475033,
  "8": 0.7828106852497096,
  "34": 0.7420408163265306,
  "46": 0.7478260869565218,
  "43": 0.774712643678161,
  "45": 0.6423728813559322,
  "68": 0.8528225806451613,
  "82": 0.7854122621564482,
  "91": 0.6807843137254902,
  "92": 0.6895622895622896,
  "85": 0.64375,
  "64": 0.7526395173453997,
  "59": 0.7456324248777079,
  "84": 0.8012684989429175,
  "63": 0.7873754152823921,
  "81": 0.7297959183673469,
  "41": 0.6902356902356902
}