{"20": [60.86348684210526, 229.38322368421052], "33": [61.47889436468824, 297.72487679451467], "52": [54.34934853420195, 409.15988056460367], "59": [71.90348212199112, 479.07548492638466], "15": [154.7212213161388, 173.5723497060497], "37": [127.86940676250254, 311.1255314841061], "45": [123.72187886279357, 395.32262051915944], "66": [169.80267673301304, 522.1949210706932], "57": [182.1935688597419, 451.0205204146393], "47": [216.51544766708702, 389.8250315258512], "34": [199.64581416743331, 324.1110527007491], "21": [175.94044384057972, 238.4422554347826], "17": [225.61261261261262, 194.83783783783784], "8": [237.01745325022262, 122.87105966162066], "16": [317.8981852913085, 189.63877745940783], "12": [347.4168252759802, 128.75637609440426], "6": [340.8931532084741, 67.39760515812097], "5": [396.92987249544626, 79.01183970856103], "19": [394.7893362350381, 204.68269858541893], "25": [354.34276163538186, 266.1761378246336], "24": [436.10879190385833, 247.2460468058191], "26": [469.2977562158884, 278.56155245603395], "43": [437.35085354896677, 355.9132973944295], "51": [461.0939578713969, 404.7220066518847], "61": [449.6039235162652, 488.2820958529923], "62": [377.1315646011267, 493.30383427221517], "56": [315.66169305724725, 465.82308160779536], "41": [323.6420595533499, 361.16604631927214], "39": [277.7280156333274, 335.44022028779534], "55": [256.38114953726256, 433.0764734534827], "40": [388.88248122122604, 331.4584443905985], "50": [375.35210935658733, 418.83832194202216], "23": [248.88944530046226, 253.27600154083206]}