{
  "20": 4.922793257360745,
  "33": 4.960915064602988,
  "52": 4.862992584027687,
  "59": 4.9426319415700615,
  "15": 4.899185602494182,
  "37": 4.916541001379589,
  "45": 4.917406592119482,
  "66": 4.858960734169483,
  "57": 4.912458870439916,
  "47": 4.788363935879196,
  "34": 5.116720438522736,
  "21": 4.885085700103442,
  "17": 4.778405004648414,
  "8": 4.985092184437034,
  "16": 5.070895486580186,
  "12": 4.82993300154463,
  "6": 4.798262608571367,
  "5": 4.848820867253505,
  "19": 4.893838544059596,
  "25": 4.883650884645315,
  "24": 4.876470006585592,
  "26": 5.003153543069426,
  "43": 4.788015571811778,
  "51": 4.8586648486377175,
  "61": 4.946502150324657,
  "62": 5.0258045553702635,
  "56": 4.986994717575589,
  "41": 4.865827568804196,
  "39": 4.939577982686268,
  "55": 4.910546376843456,
  "40": 4.867046825315004,
  "50": 5.021447558385856,
  "23": 5.039616973899084
}