{
  "angleGiniCoeff": {
    "20": 0.08709910736473761,
    "33": 0.10291489254441226,
    "52": 0.0925848558230367,
    "59": 0.06009174970338261,
    "15": 0.11266909057113436,
    "37": 0.08194367305199791,
    "45": 0.10129261353590417,
    "66": 0.15603028839062374,
    "57": 0.13221503364010867,
    "47": 0.12659632899172,
    "34": 0.11368137382544963,
    "21": 0.1324382787891914,
    "17": 0.04686233202178275,
    "8": 0.0634454512009327,
    "16": 0.09012396369136266,
    "12": 0.12523980242114788,
    "6": 0.09551423024233419,
    "5": 0.09258780373653332,
    "19": 0.07017044142231321,
    "25": 0.0929513377111813,
    "24": 0.1230416704505819,
    "26": 0.115891317265754,
    "43": 0.03992684529990996,
    "51": 0.07281563833285616,
    "61": 0.10022438727219057,
    "62": 0.08443073372576539,
    "56": 0.10919889731834338,
    "41": 0.07488980527862994,
    "39": 0.0786659843273821,
    "55": 0.06242964607565292,
    "40": 0.09580626790156407,
    "50": 0.11478998263675305,
    "23": 0.11264076150798327
  },
  "lengthGiniCoeff": {
    "20": 0.2918739964373763,
    "33": 0.1645316857760173,
    "52": 0.1570658091814662,
    "59": 0.19200427795371786,
    "15": 0.11338378229927111,
    "37": 0.2365951682156456,
    "45": 0.13711018215345844,
    "66": 0.12625442563272452,
    "57": 0.18853638507986903,
    "47": 0.09190988804712692,
    "34": 0.11505730855630673,
    "21": 0.07804997615692683,
    "17": 0.09621028802799647,
    "8": 0.16266619851072336,
    "16": 0.18231150378666622,
    "12": 0.12442225230154164,
    "6": 0.12823542509984404,
    "5": 0.19303892922650148,
    "19": 0.12462282120742628,
    "25": 0.24469685211074327,
    "24": 0.1434548097361932,
    "26": 0.19573308098791506,
    "43": 0.1302605852394282,
    "51": 0.18174543171441773,
    "61": 0.24922262324895195,
    "62": 0.24045404132582757,
    "56": 0.18409453478041776,
    "41": 0.26010458702473566,
    "39": 0.31159938404031456,
    "55": 0.1873562271338704,
    "40": 0.21713420300622308,
    "50": 0.30079914730889845,
    "23": 0.12762371300837042
  }
}