{
  "angleGiniCoeff_ignoringGuardCells": {
    "20": 0.09245012120649243,
    "33": 0.09689705722364944,
    "52": 0.0925848558230367,
    "59": 0.06136778024297282,
    "15": 0.06410401514041976,
    "37": 0.0702764642230969,
    "45": 0.08885474964592929,
    "66": 0.09199439654417277,
    "57": 0.047991608708006374,
    "47": 0.14061232971514392,
    "34": 0.11368137382544963,
    "21": 0.10581956176562976,
    "17": 0.04686233202178275,
    "8": 0.0574030793409049,
    "16": 0.09906775061950297,
    "12": 0.13759889356415547,
    "6": 0.037810085806922855,
    "5": 0.09258780373653332,
    "19": 0.04949769740381965,
    "25": 0.09349039758138415,
    "24": 0.1272514515506895,
    "26": 0.125765380537874,
    "43": 0.03961570785237544,
    "51": 0.04426153764800027,
    "61": 0.10022438727219057,
    "62": 0.07344861093793252,
    "56": 0.07473627738820214,
    "41": 0.07488980527862994,
    "39": 0.0767607282123532,
    "55": 0.06523608719712662,
    "40": 0.11265170756704873,
    "50": 0.04492608740544822,
    "23": 0.07100439420699209
  },
  "lengthGiniCoeff_ignoringGuardCells": {
    "20": 0.2918739964373763,
    "33": 0.1645316857760173,
    "52": 0.1570658091814662,
    "59": 0.19200427795371786,
    "15": 0.09060405650603912,
    "37": 0.2365951682156456,
    "45": 0.13711018215345844,
    "66": 0.12625442563272452,
    "57": 0.22759293963349744,
    "47": 0.09190988804712692,
    "34": 0.11505730855630673,
    "21": 0.07245243713600041,
    "17": 0.09621028802799647,
    "8": 0.16266619851072336,
    "16": 0.17874741168110098,
    "12": 0.12442225230154164,
    "6": 0.12823542509984404,
    "5": 0.19303892922650148,
    "19": 0.12462282120742628,
    "25": 0.24469685211074327,
    "24": 0.1434548097361932,
    "26": 0.19573308098791506,
    "43": 0.1302605852394282,
    "51": 0.18174543171441773,
    "61": 0.24922262324895195,
    "62": 0.2156826604335338,
    "56": 0.18409453478041776,
    "41": 0.26010458702473566,
    "39": 0.31159938404031456,
    "55": 0.1873562271338704,
    "40": 0.21713420300622308,
    "50": 0.30079914730889845,
    "23": 0.12762371300837042
  }
}