{
  "20": 0.8018018018018018,
  "33": 0.7899159663865546,
  "52": 0.8551724137931035,
  "59": 0.8021390374331551,
  "15": 0.7705802968960864,
  "37": 0.8117647058823529,
  "45": 0.7896613190730838,
  "66": 0.8461538461538461,
  "57": 0.7793650793650794,
  "47": 0.9047619047619048,
  "34": 0.6852836879432624,
  "21": 0.7878787878787878,
  "17": 0.9169960474308301,
  "8": 0.8008534850640113,
  "16": 0.7076923076923077,
  "12": 0.8933333333333333,
  "6": 0.9002849002849003,
  "5": 0.8137931034482758,
  "19": 0.8057040998217468,
  "25": 0.7903225806451613,
  "24": 0.8473684210526315,
  "26": 0.7273954116059379,
  "43": 0.9004329004329005,
  "51": 0.8399014778325123,
  "61": 0.7593582887700535,
  "62": 0.7638326585695007,
  "56": 0.7101449275362319,
  "41": 0.7724039829302988,
  "39": 0.7678812415654521,
  "55": 0.8286290322580645,
  "40": 0.8559139784946237,
  "50": 0.7798319327731092,
  "23": 0.7462887989203779
}