{"5": [559.1573406347615, 189.66966179476302], "19": [648.1952302978227, 366.9074107099431], "34": [588.6879509124345, 681.5144645635875], "39": [458.78027421494915, 658.5321539141972], "46": [422.94888449590513, 930.0044520491055], "53": [212.0728205128205, 1044.3598534798534], "56": [342.4568891039154, 1132.0433009641636], "57": [519.3984977927398, 1178.8703433162893], "73": [471.43170092988976, 1449.9672578444747], "89": [376.03127753303966, 1676.7334542627623], "88": [227.99381922002948, 1639.941204153986], "77": [124.9854826052838, 1485.6388089632924], "100": [229.17880322736644, 1835.642749879101], "92": [509.8392470927499, 1801.8708585399493], "103": [597.5180901420046, 2001.9490635933319], "95": [822.093527262202, 1893.5044683237454], "94": [721.0018473505105, 1816.6846864365582], "90": [791.0853081444785, 1681.0592997892713], "86": [682.3111278519157, 1565.9584050796384], "72": [845.1900390843105, 1422.4120156337242], "71": [1040.1291419038682, 1398.9682410593264], "82": [1205.1502152421745, 1575.134704826184], "78": [1388.5673974988126, 1502.0553268956783], "59": [1402.714752, 1268.044448], "58": [1580.6470577665978, 1249.1972149851765], "66": [1788.1934974093265, 1284.0434974093264], "79": [1690.1714336896162, 1486.0564280169583], "51": [1753.254194995765, 1087.734381796122], "42": [1819.101013916501, 859.089324055666], "48": [1589.2231645634292, 947.1200122617892], "38": [1638.0711249594756, 723.4404200136883], "26": [1606.0622922207447, 495.0104928523936], "21": [1379.8541052561852, 404.14312920213297], "25": [1197.3894501035547, 425.76173971850034], "20": [1072.6188217436677, 355.0377573285267], "16": [897.1033973412112, 295.3612416633096], "29": [723.3167731477067, 467.2509774005912], "28": [805.0768216137542, 533.3063767852269], "41": [747.9380543048164, 688.0450266066312], "45": [680.9678663239074, 928.5790738824157], "60": [761.3737751908509, 1228.2593816724677], "76": [666.722815929458, 1424.870513250587], "61": [1122.4454720835224, 1187.5608828869724], "81": [1235.067027915999, 1267.5691996289113], "52": [1460.3055995773905, 1016.621236133122], "44": [1413.7459073952161, 854.322492868115], "36": [1460.9061759375436, 641.5117105813467], "37": [1282.3281861348528, 763.8701044634378], "35": [1129.2391583394265, 723.8374685189699], "31": [927.0883068213531, 671.9265505189438], "49": [836.930512224176, 911.9044755800102], "47": [957.3550060686832, 980.4862324186678], "50": [1172.6293018861068, 1028.7734127993604]}