{
  "5": 7.037358659131546,
  "19": 7.431466030808693,
  "34": 7.315898243565892,
  "39": 6.904113256729831,
  "46": 7.232675429554866,
  "53": 6.93933886452408,
  "56": 6.9974872217329,
  "57": 7.33182707948431,
  "73": 7.400661247028569,
  "89": 7.011742322921001,
  "88": 7.118295235489162,
  "77": 7.114013755298937,
  "100": 7.0718973491695385,
  "92": 7.442046810221271,
  "103": 7.777313173633735,
  "95": 7.414767067833385,
  "94": 7.03200601844032,
  "90": 7.294278871600344,
  "86": 7.406918275769257,
  "72": 7.15817463863789,
  "71": 7.302368794879168,
  "82": 7.252997056398437,
  "78": 7.1691984298730995,
  "59": 7.196330038941479,
  "58": 7.318386343679148,
  "66": 7.371928179795122,
  "79": 7.063528915652402,
  "51": 7.47401953844577,
  "42": 7.129592221793469,
  "48": 7.064961079871761,
  "38": 7.152337227844011,
  "26": 7.010941494468359,
  "21": 7.420042762432317,
  "25": 6.999940869762849,
  "20": 7.110162818475828,
  "16": 7.178210839066133,
  "29": 6.8402377458472525,
  "28": 7.143992863755059,
  "41": 7.367057557745885,
  "45": 7.16095125701166,
  "60": 7.448738397159147,
  "76": 7.000343638885578,
  "61": 7.069788104372228,
  "81": 7.105142938522835,
  "52": 6.926945621548232,
  "44": 7.117412877822345,
  "36": 7.091404148613096,
  "37": 7.089914952424379,
  "35": 7.194610339900618,
  "31": 7.426505424322197,
  "49": 7.039680690054873,
  "47": 7.146061048731214,
  "50": 7.2096819333942985
}