{
  "5": 0.8415584415584415,
  "19": 0.671201814058957,
  "34": 0.6884004884004884,
  "39": 0.9095238095238095,
  "46": 0.758682328907048,
  "53": 0.8825161887141536,
  "56": 0.8584415584415584,
  "57": 0.6799828178694158,
  "73": 0.6722325293753865,
  "89": 0.80306905370844,
  "88": 0.814484126984127,
  "77": 0.8107088989441931,
  "100": 0.8013698630136986,
  "92": 0.658318773053776,
  "103": 0.6295482295482295,
  "95": 0.6708624708624709,
  "94": 0.8333333333333334,
  "90": 0.7037617554858934,
  "86": 0.7017416545718432,
  "72": 0.7913513513513514,
  "71": 0.7305028605841614,
  "82": 0.7265432098765432,
  "78": 0.7644652250146113,
  "59": 0.6621782178217822,
  "58": 0.6444749485243652,
  "66": 0.6856140350877193,
  "79": 0.7890070921985816,
  "51": 0.6854430379746835,
  "42": 0.7496913580246913,
  "48": 0.806841046277666,
  "38": 0.8042903320599472,
  "26": 0.8603508771929824,
  "21": 0.6646328634546602,
  "25": 0.874455732946299,
  "20": 0.7221462747778538,
  "16": 0.7754954954954955,
  "29": 0.9092436974789916,
  "28": 0.7150635208711433,
  "41": 0.6545209176788124,
  "45": 0.7252298263534218,
  "60": 0.6448717948717949,
  "76": 0.8099547511312217,
  "61": 0.8242424242424242,
  "81": 0.732008431195423,
  "52": 0.8761904761904762,
  "44": 0.7555777555777555,
  "36": 0.7616161616161616,
  "37": 0.7463427377220481,
  "35": 0.6905701754385964,
  "31": 0.676923076923077,
  "49": 0.8878787878787879,
  "47": 0.7236097236097236,
  "50": 0.7670682730923695
}