{"16": [111.79720015134318, 214.35092697692016], "22": [73.19271103727546, 296.7604610113176], "33": [127.59453302961276, 374.71313591495823], "37": [183.55019251925194, 423.18509350935096], "40": [251.3546625048771, 432.8862660944206], "31": [336.9225016995241, 363.73837039914537], "39": [400.25945195976414, 429.1934327667939], "42": [499.0734457537586, 445.6555262088582], "45": [567.0815114709851, 478.5846153846154], "41": [642.3136825333598, 438.8084047002589], "44": [690.361581920904, 476.8487799014305], "46": [747.2635168857096, 502.34586591249376], "30": [762.7438145334113, 337.5665302941749], "29": [708.585846303502, 308.9385943579766], "34": [608.3955006249132, 387.53409248715457], "28": [578.7828673408685, 331.8586159032322], "21": [532.1791924550545, 280.4783377541998], "19": [604.267637326274, 215.36267372600926], "15": [687.293752819125, 223.57228236355436], "8": [638.6823758519961, 152.87205452775072], "3": [489.5098340503995, 52.543945912722805], "5": [469.48559146632704, 118.92166852412036], "17": [502.45168233828025, 211.70431630225445], "24": [424.7316951685207, 291.9563340527976], "18": [406.1294845360825, 209.10006872852233], "11": [361.89332096474953, 170.92702535559678], "20": [290.8517168616919, 265.7930174563591], "23": [204.61093033574915, 315.1419908297589], "10": [263.3397084764646, 185.75870392721197], "12": [187.04006622516556, 174.06986754966888], "4": [278.79448032883147, 96.28068115091015], "2": [255.4747899159664, 45.911764705882355], "35": [454.9812862981286, 370.12970531297054]}