{
  "16": 7.123184996821621,
  "22": 7.041088855127783,
  "33": 6.886674997261511,
  "37": 6.915143873715559,
  "40": 7.21136232611989,
  "31": 7.094497026643591,
  "39": 6.9901767607720995,
  "42": 6.999577373968831,
  "45": 6.894178584610632,
  "41": 6.974992679170855,
  "44": 7.112099943988931,
  "46": 7.004738033375974,
  "30": 7.0560005706395215,
  "29": 7.175141361252388,
  "34": 6.910069259458933,
  "28": 6.991192170601979,
  "21": 6.9555543210343656,
  "19": 6.9961921038414,
  "15": 7.039149642549251,
  "8": 7.086563737669368,
  "3": 6.9194912588752455,
  "5": 7.052163970442633,
  "17": 6.991348163999078,
  "24": 7.091121865090371,
  "18": 7.106080905650571,
  "11": 6.982801921222471,
  "20": 6.941673641508695,
  "23": 7.161476038175433,
  "10": 7.0435831111433815,
  "12": 6.829175077287918,
  "4": 7.037606309199589,
  "2": 6.980486717819865,
  "35": 6.945808686479176
}