{
  "angleGiniCoeff_ignoringGuardCells": {
    "16": 0.09762037585979907,
    "22": 0.04919888896964056,
    "33": 0.0791947473164957,
    "37": 0.059511640603018084,
    "40": 0.08281585311568236,
    "31": 0.04408830602992123,
    "39": 0.10156348652375813,
    "42": 0.05864691693866201,
    "45": 0.09891218963245665,
    "41": 0.14966509143489937,
    "44": 0.11842844533912845,
    "46": 0.1548126729281105,
    "30": 0.04658245641081536,
    "29": 0.06561300753777126,
    "34": 0.12769740340693983,
    "28": 0.07224985752332155,
    "21": 0.06902714436481855,
    "19": 0.0780597601773734,
    "15": 0.10631796643433943,
    "8": 0.024070868025551626,
    "3": 0.04735019741246476,
    "5": 0.08661559662837023,
    "17": 0.05987506721594158,
    "24": 0.13430660913034803,
    "18": 0.130644674507056,
    "11": 0.058686601803103644,
    "20": 0.1282996737672333,
    "23": 0.07031818492415162,
    "10": 0.07029655452585842,
    "12": 0.031187099981304683,
    "4": 0.08280112647175959,
    "2": 0.028623449748556122,
    "35": 0.03337232678996808
  },
  "lengthGiniCoeff_ignoringGuardCells": {
    "16": 0.23714589623968724,
    "22": 0.24283481257638365,
    "33": 0.11761959269053587,
    "37": 0.19833957634777907,
    "40": 0.16241448207572426,
    "31": 0.2698135279918291,
    "39": 0.21342376300961846,
    "42": 0.15625058761332764,
    "45": 0.1346582240253727,
    "41": 0.29198439645077967,
    "44": 0.27464630802902107,
    "46": 0.23908860470895033,
    "30": 0.16662217116559858,
    "29": 0.2566418512306551,
    "34": 0.3473050823576192,
    "28": 0.2940564068535435,
    "21": 0.21448400479508647,
    "19": 0.1861389764538612,
    "15": 0.17793236236012636,
    "8": 0.1521707849392958,
    "3": 0.09396543960057167,
    "5": 0.12993704838553752,
    "17": 0.16598382489791633,
    "24": 0.10730917349043091,
    "18": 0.18634314130862353,
    "11": 0.21623725822047093,
    "20": 0.2823995337327966,
    "23": 0.17627912051849245,
    "10": 0.26563371889827503,
    "12": 0.11006363336394247,
    "4": 0.2171174275992573,
    "2": 0.029030181218437125,
    "35": 0.2920207675120662
  }
}