{
  "angleGiniCoeff": {
    "16": 0.09762037585979907,
    "22": 0.04505827113115047,
    "33": 0.0791947473164957,
    "37": 0.059511640603018084,
    "40": 0.09343883637680915,
    "31": 0.05668624873842969,
    "39": 0.10156348652375813,
    "42": 0.05736830934968006,
    "45": 0.09891218963245665,
    "41": 0.11950547393056506,
    "44": 0.1192987546088334,
    "46": 0.1548126729281105,
    "30": 0.053127216239041056,
    "29": 0.06561300753777126,
    "34": 0.12769740340693983,
    "28": 0.07055449885790384,
    "21": 0.0647646545635213,
    "19": 0.0780597601773734,
    "15": 0.10631796643433943,
    "8": 0.0791765315030604,
    "3": 0.04735019741246476,
    "5": 0.08661559662837023,
    "17": 0.05987506721594158,
    "24": 0.12451523769625741,
    "18": 0.12748926958834234,
    "11": 0.07865617431278148,
    "20": 0.14065403144293534,
    "23": 0.07031818492415162,
    "10": 0.08432111182341678,
    "12": 0.0655807137677216,
    "4": 0.08280112647175959,
    "2": 0.028623449748556122,
    "35": 0.03135296336376027
  },
  "lengthGiniCoeff": {
    "16": 0.23714589623968724,
    "22": 0.24283481257638365,
    "33": 0.11761959269053587,
    "37": 0.19833957634777907,
    "40": 0.16241448207572426,
    "31": 0.2698135279918291,
    "39": 0.21342376300961846,
    "42": 0.15625058761332764,
    "45": 0.1346582240253727,
    "41": 0.26018201269685715,
    "44": 0.27464630802902107,
    "46": 0.23908860470895033,
    "30": 0.29003931347403855,
    "29": 0.2566418512306551,
    "34": 0.3473050823576192,
    "28": 0.2940564068535435,
    "21": 0.21448400479508647,
    "19": 0.1861389764538612,
    "15": 0.17793236236012636,
    "8": 0.14138073899921766,
    "3": 0.09396543960057167,
    "5": 0.12993704838553752,
    "17": 0.16598382489791633,
    "24": 0.10730917349043091,
    "18": 0.18634314130862353,
    "11": 0.1919004719941918,
    "20": 0.2823995337327966,
    "23": 0.17627912051849245,
    "10": 0.259694461677473,
    "12": 0.1344348751041668,
    "4": 0.2171174275992573,
    "2": 0.029030181218437125,
    "35": 0.2920207675120662
  }
}