{
  "16": 0.7852062588904695,
  "22": 0.8598484848484849,
  "33": 0.9566666666666667,
  "37": 0.9088319088319088,
  "40": 0.7753846153846153,
  "31": 0.8617424242424242,
  "39": 0.9039408866995073,
  "42": 0.9092741935483871,
  "45": 0.9532163742690059,
  "41": 0.932806324110672,
  "44": 0.734920634920635,
  "46": 0.9507692307692308,
  "30": 0.9347826086956522,
  "29": 0.803921568627451,
  "34": 0.8703703703703703,
  "28": 0.7904761904761904,
  "21": 0.8518518518518519,
  "19": 0.8990147783251231,
  "15": 0.8199643493761141,
  "8": 0.8233333333333334,
  "3": 0.9485294117647058,
  "5": 0.8830769230769231,
  "17": 0.853763440860215,
  "24": 0.8276923076923077,
  "18": 0.8508064516129032,
  "11": 0.9411764705882353,
  "20": 0.9055258467023173,
  "23": 0.7735191637630662,
  "10": 0.8444444444444444,
  "12": 0.9852941176470589,
  "4": 0.8476190476190476,
  "2": 0.935672514619883,
  "35": 0.857707509881423
}