{"36": [336.41984792205517, 968.0107932556738], "45": [265.2909451027133, 1162.667303512585], "70": [383.20452167208236, 1349.8837087624609], "75": [486.5485078376206, 1480.2597719051446], "78": [629.7687782290204, 1493.3708581622195], "60": [821.4055888350752, 1328.8604703033393], "76": [989.0739785500892, 1481.354568315172], "80": [1236.3946944210822, 1504.2815391084946], "89": [1399.252392055962, 1571.9673554715766], "74": [1589.5479027720708, 1469.6161456522427], "81": [1710.607138713794, 1578.8696778684405], "84": [1856.8248603616396, 1638.10634605068], "57": [1850.7049231931503, 1237.6109921934021], "43": [1726.0189000542675, 1163.2558431108366], "66": [1496.91077488327, 1354.5057790932053], "50": [1417.80887134607, 1220.8427455230762], "40": [1300.9447022038428, 1096.7431287508196], "34": [1478.0812992731835, 940.492459575274], "28": [1666.0515670018228, 947.1383547950844], "24": [1566.816523210476, 783.3176267196351], "3": [1211.1712113532692, 527.2483020780537], "10": [1165.0068889433685, 702.6301054179946], "31": [1238.6729994967288, 923.9106334028327], "68": [1050.3213016599327, 1149.1903811517304], "35": [999.2454247352329, 940.9235166393406], "29": [897.3200872433238, 847.5820300031918], "39": [733.1254366770318, 1090.0907520442242], "48": [540.9715860825546, 1211.7053551306278], "26": [676.0562331604716, 899.0536692064779], "32": [504.6489170139425, 879.8208571281576], "9": [704.4719101123595, 647.0530629521318], "8": [653.5243243243243, 513.4018744551003], "69": [1119.7557457600253, 1343.929719448407]}