{
  "36": 7.205777293422304,
  "45": 7.332462433491115,
  "70": 7.143318649764543,
  "75": 7.081518799073933,
  "78": 7.528051169337034,
  "60": 7.332502831653716,
  "76": 7.099870735065496,
  "80": 7.102143479574299,
  "89": 7.033540954143812,
  "74": 7.131942332100219,
  "81": 7.420560569873302,
  "84": 7.052866461006057,
  "57": 6.948116797990618,
  "43": 7.176836683406989,
  "66": 6.968109610233421,
  "50": 7.1018371887089415,
  "40": 7.099347028509082,
  "34": 7.060294964027374,
  "28": 7.1208699328361025,
  "24": 7.314578087095026,
  "3": 7.038383191127488,
  "10": 7.137083989157156,
  "31": 7.0676659892261116,
  "68": 7.371926975089832,
  "35": 7.34759672819488,
  "29": 7.046865217467304,
  "39": 7.116880025258564,
  "48": 7.171639658298457,
  "26": 7.204233078059242,
  "32": 6.980757681173214,
  "9": 7.509946748055639,
  "8": 6.956143239701619,
  "69": 7.158424691281264
}