{
  "angleGiniCoeff_ignoringGuardCells": {
    "36": 0.09387367377547563,
    "45": 0.0397083969194897,
    "70": 0.07868516938424783,
    "75": 0.0854744255056034,
    "78": 0.1967831098019353,
    "60": 0.06220015491305182,
    "76": 0.1118012111636633,
    "80": 0.05895439975859744,
    "89": 0.09525363551211546,
    "74": 0.09946229410803052,
    "81": 0.07472060048454936,
    "84": 0.15905591326926685,
    "57": 0.1336066630588642,
    "43": 0.06501140222345918,
    "66": 0.0778763645023969,
    "50": 0.06406627628219196,
    "40": 0.06449136444077455,
    "34": 0.07181458850121455,
    "28": 0.12489030426649511,
    "24": 0.04369182852987685,
    "3": 0.08018183589908576,
    "10": 0.09354998221497594,
    "31": 0.05489451353868074,
    "68": 0.11735952752996802,
    "35": 0.09543655747182644,
    "29": 0.12174398274938437,
    "39": 0.1434514594446737,
    "48": 0.04283483489728541,
    "26": 0.07434496537060928,
    "32": 0.19279809745243287,
    "9": 0.10588845256407403,
    "8": 0.08903482623225947,
    "69": 0.05406578756364539
  },
  "lengthGiniCoeff_ignoringGuardCells": {
    "36": 0.21568574000433352,
    "45": 0.32435635017083336,
    "70": 0.12429613381272651,
    "75": 0.2585800047096691,
    "78": 0.22094482263477533,
    "60": 0.3277242604621931,
    "76": 0.29822479741794483,
    "80": 0.16139909949829404,
    "89": 0.1493567734456116,
    "74": 0.43179770056878947,
    "81": 0.40670423632193203,
    "84": 0.23730589161471377,
    "57": 0.4102491092959074,
    "43": 0.3943950105869836,
    "66": 0.23835987321294588,
    "50": 0.24971901498984939,
    "40": 0.29274995861050723,
    "34": 0.16173818813954888,
    "28": 0.33190660877476075,
    "24": 0.11716263771738952,
    "3": 0.10508686530571595,
    "10": 0.2641932518723509,
    "31": 0.13065617873252947,
    "68": 0.18427658868332847,
    "35": 0.25815870098666377,
    "29": 0.2756708142584504,
    "39": 0.32809034184737856,
    "48": 0.14934636372148039,
    "26": 0.3272404246197546,
    "32": 0.34995736050633286,
    "9": 0.14402174686615804,
    "8": 0.13681702396229703,
    "69": 0.2210465584545762
  }
}