{
  "angleGiniCoeff": {
    "36": 0.09387367377547563,
    "45": 0.07263947955723156,
    "70": 0.07868516938424783,
    "75": 0.0854744255056034,
    "78": 0.20799489350912,
    "60": 0.07230688574101105,
    "76": 0.1118012111636633,
    "80": 0.05895439975859744,
    "89": 0.09525363551211546,
    "74": 0.08956283794689097,
    "81": 0.08300694451346279,
    "84": 0.1448763010677355,
    "57": 0.1294115247451117,
    "43": 0.06501140222345918,
    "66": 0.0778763645023969,
    "50": 0.06406627628219196,
    "40": 0.11645924525963061,
    "34": 0.07181458850121455,
    "28": 0.12489030426649511,
    "24": 0.0772808873711639,
    "3": 0.08018183589908576,
    "10": 0.09703404180720211,
    "31": 0.05489451353868074,
    "68": 0.11389737429384135,
    "35": 0.11195119287607028,
    "29": 0.14049863491126696,
    "39": 0.1434514594446737,
    "48": 0.04283483489728541,
    "26": 0.09794862191128013,
    "32": 0.1960173110286241,
    "9": 0.10588845256407403,
    "8": 0.08903482623225947,
    "69": 0.11341767799922983
  },
  "lengthGiniCoeff": {
    "36": 0.21568574000433352,
    "45": 0.32435635017083336,
    "70": 0.12429613381272651,
    "75": 0.2585800047096691,
    "78": 0.22094482263477533,
    "60": 0.3277242604621931,
    "76": 0.29822479741794483,
    "80": 0.16139909949829404,
    "89": 0.1493567734456116,
    "74": 0.4069757606580171,
    "81": 0.40670423632193203,
    "84": 0.241908863280729,
    "57": 0.4102491092959074,
    "43": 0.3943950105869836,
    "66": 0.23835987321294588,
    "50": 0.24971901498984939,
    "40": 0.29274995861050723,
    "34": 0.16173818813954888,
    "28": 0.33190660877476075,
    "24": 0.11716263771738952,
    "3": 0.10508686530571595,
    "10": 0.2641932518723509,
    "31": 0.13065617873252947,
    "68": 0.17249879346987035,
    "35": 0.25815870098666377,
    "29": 0.33182046821016464,
    "39": 0.32809034184737856,
    "48": 0.14934636372148039,
    "26": 0.3236862867556553,
    "32": 0.34995736050633286,
    "9": 0.14402174686615804,
    "8": 0.13681702396229703,
    "69": 0.30647307476235985
  }
}