{
  "36": 0.709508881922675,
  "45": 0.7147599591419816,
  "70": 0.8346153846153846,
  "75": 0.7899396378269617,
  "78": 0.5959079283887468,
  "60": 0.7377289377289378,
  "76": 0.7975646879756468,
  "80": 0.8001763150161623,
  "89": 0.843466107617051,
  "74": 0.777281746031746,
  "81": 0.6407071189679885,
  "84": 0.8365943945002644,
  "57": 0.8610169491525423,
  "43": 0.6971399387129724,
  "66": 0.7855072463768116,
  "50": 0.7252747252747253,
  "40": 0.8094820017559262,
  "34": 0.7824726134585289,
  "28": 0.7212885154061625,
  "24": 0.7755698421975453,
  "3": 0.8156028368794326,
  "10": 0.7796803652968036,
  "31": 0.7808641975308642,
  "68": 0.6985964912280702,
  "35": 0.719365265941816,
  "29": 0.8661347517730497,
  "39": 0.7381722009991184,
  "48": 0.7599572306869821,
  "26": 0.7334315169366715,
  "32": 0.8482886216466234,
  "9": 0.6433566433566433,
  "8": 0.8538775510204082,
  "69": 0.7828981054787506
}