{"2": [171.3007585899152, 88.00691655510933], "4": [115.2111786984965, 160.74096178124643], "3": [272.46363069245166, 118.78328134747349], "5": [207.8106649738137, 187.94826218060626], "12": [151.23658780406532, 263.29923358880376], "13": [213.99915552427868, 288.5484869809993], "28": [134.03000707714082, 359.79716914366594], "15": [288.86399812734084, 259.4499063670412], "29": [232.57976701410178, 380.19950950337216], "39": [247.14721377912866, 485.5359675785208], "43": [159.72536893886155, 501.55895994378074], "51": [108.30352971710356, 575.884116273034], "9": [377.6498176788633, 243.40035206840187], "17": [350.07147593157407, 335.32422755602704], "32": [415.4119737561509, 446.452159650082], "49": [474.83197026022304, 546.3724907063197], "55": [411.16554729922836, 646.9279079737067], "53": [316.1069793515837, 591.4963094459497], "54": [194.63646496815286, 573.0046178343949], "60": [199.8561430793157, 656.1141524105755], "59": [257.4204303617877, 633.6717900212816], "71": [282.15450874831765, 760.2362494392104], "69": [355.7553128103277, 736.1443892750744], "76": [362.7993245876088, 848.6929471359916], "75": [455.9892952720785, 783.8007731192388], "27": [595.3129743833017, 360.97331593927896], "34": [611.7985162046076, 469.90394377196407]}