{
  "2": 5.222915229219081,
  "4": 5.067944771928193,
  "3": 5.036562305462404,
  "5": 4.871918901865302,
  "12": 4.941298945795175,
  "13": 4.909806527428638,
  "28": 4.959479894092773,
  "15": 4.89932023038112,
  "29": 4.9893742286014735,
  "39": 5.21723818176195,
  "43": 4.818144963186178,
  "51": 4.888348090857822,
  "9": 4.992042867840479,
  "17": 5.0787363077885015,
  "32": 5.227654609426112,
  "49": 4.955594538866388,
  "55": 5.212969413132041,
  "53": 5.319101819700421,
  "54": 4.830626623352788,
  "60": 5.0952112520445425,
  "59": 4.822773171020024,
  "71": 5.153599548818652,
  "69": 4.931830926581249,
  "76": 4.994755739633336,
  "75": 5.044031158788313,
  "27": 4.945607001146278,
  "34": 4.9794094392738995
}