{
  "angleGiniCoeff": {
    "2": 0.08135581841377029,
    "4": 0.10613355075651439,
    "3": 0.0992870754734363,
    "5": 0.06676435891683137,
    "12": 0.14619415735877034,
    "13": 0.10964851751269886,
    "28": 0.09720398611552604,
    "15": 0.14492555935037735,
    "29": 0.16222197803625435,
    "39": 0.08906204178791235,
    "43": 0.02984701814749501,
    "51": 0.08809847601807225,
    "9": 0.09690261775722037,
    "17": 0.08768832494980609,
    "32": 0.11155293092243038,
    "49": 0.1091282447550331,
    "55": 0.13364452718382885,
    "53": 0.13977048283948565,
    "54": 0.08761923538314056,
    "60": 0.12298650343018083,
    "59": 0.20855402571583695,
    "71": 0.09401189563365127,
    "69": 0.08475020036480593,
    "76": 0.18613752929118196,
    "75": 0.1393458359793078,
    "27": 0.09329708738061478,
    "34": 0.10419797754462799
  },
  "lengthGiniCoeff": {
    "2": 0.1277949173185021,
    "4": 0.24473936404708452,
    "3": 0.1733950420955432,
    "5": 0.1882632282766733,
    "12": 0.1940972473210431,
    "13": 0.12965256048632123,
    "28": 0.24878082124252723,
    "15": 0.2735139691368147,
    "29": 0.20972799288514105,
    "39": 0.37052825012597485,
    "43": 0.04769773125141121,
    "51": 0.17208390784354874,
    "9": 0.2590999402128672,
    "17": 0.21679680054154563,
    "32": 0.2946414301246848,
    "49": 0.1455115541386358,
    "55": 0.20219119967913307,
    "53": 0.3193431921590181,
    "54": 0.12706702903406858,
    "60": 0.30066081287043694,
    "59": 0.4061862991199195,
    "71": 0.41362619532401684,
    "69": 0.22289045303046148,
    "76": 0.18416880956297368,
    "75": 0.27257868423014336,
    "27": 0.17767500759344404,
    "34": 0.2689726052441569
  }
}