{
  "angleGiniCoeff_ignoringGuardCells": {
    "2": 0.08135581841377029,
    "4": 0.1090137058549335,
    "3": 0.0992870754734363,
    "5": 0.06676435891683137,
    "12": 0.14619415735877034,
    "13": 0.07649425915436625,
    "28": 0.09720398611552604,
    "15": 0.12133429689291855,
    "29": 0.15725186470314592,
    "39": 0.08906204178791235,
    "43": 0.02984701814749501,
    "51": 0.08809847601807225,
    "9": 0.09690261775722037,
    "17": 0.09483474098450663,
    "32": 0.11155293092243038,
    "49": 0.08918139745717077,
    "55": 0.12709323078084966,
    "53": 0.16714817407856647,
    "54": 0.08761923538314056,
    "60": 0.05484089139125526,
    "59": 0.16430422352502105,
    "71": 0.07742699532699447,
    "69": 0.08475020036480593,
    "76": 0.11853247265592265,
    "75": 0.11252807292173189,
    "27": 0.0741778430156998,
    "34": 0.10419797754462799
  },
  "lengthGiniCoeff_ignoringGuardCells": {
    "2": 0.1277949173185021,
    "4": 0.24473936404708452,
    "3": 0.1733950420955432,
    "5": 0.1882632282766733,
    "12": 0.1940972473210431,
    "13": 0.12965256048632123,
    "28": 0.24878082124252723,
    "15": 0.2954646359153587,
    "29": 0.22551753020229373,
    "39": 0.37052825012597485,
    "43": 0.04769773125141121,
    "51": 0.17208390784354874,
    "9": 0.2590999402128672,
    "17": 0.21679680054154563,
    "32": 0.2946414301246848,
    "49": 0.15531829879365266,
    "55": 0.18839702082614773,
    "53": 0.3324339738609307,
    "54": 0.12706702903406858,
    "60": 0.30066081287043694,
    "59": 0.44348023993012575,
    "71": 0.41362619532401684,
    "69": 0.22289045303046148,
    "76": 0.2011359741387431,
    "75": 0.27257868423014336,
    "27": 0.17767500759344404,
    "34": 0.2689726052441569
  }
}