{
  "2": 0.6757512229210343,
  "4": 0.7141779788838613,
  "3": 0.7719806763285024,
  "5": 0.8256410256410256,
  "12": 0.7756410256410257,
  "13": 0.7808080808080808,
  "28": 0.8117386489479512,
  "15": 0.8163992869875223,
  "29": 0.6933333333333334,
  "39": 0.6835016835016835,
  "43": 0.8317073170731707,
  "51": 0.8160676532769556,
  "9": 0.7632850241545893,
  "17": 0.7419056429232193,
  "32": 0.6177156177156177,
  "49": 0.7969858156028369,
  "55": 0.5903755868544601,
  "53": 0.5694444444444444,
  "54": 0.8633633633633634,
  "60": 0.7151515151515152,
  "59": 0.8408602150537634,
  "71": 0.6814728229105786,
  "69": 0.7306397306397306,
  "76": 0.7567067530064755,
  "75": 0.7097643097643098,
  "27": 0.8057971014492754,
  "34": 0.7525399129172714
}