{"9": [48.07184325108853, 57.957910014513786], "18": [38.57971445568114, 111.57465794170137], "35": [38.94090786999731, 190.72602739726028], "14": [104.10913978494624, 83.19569892473119], "24": [80.33479061205706, 161.63989875747814], "45": [82.38379204892966, 240.19571865443424], "12": [170.20936576494657, 61.860877472152765], "25": [149.12938726948246, 147.81796549672814], "37": [148.13163213744315, 203.82263769580595], "46": [125.32929918378835, 266.1795665634675], "4": [195.30697901415326, 29.07320644216691], "22": [181.62708830548925, 119.74940334128878], "51": [183.75829383886256, 261.70695102685625], "8": [246.9804852320675, 57.07911392405063], "19": [231.36486486486487, 111.58832046332046], "36": [236.70489386792454, 155.63060141509433], "50": [202.56345177664974, 204.77851990382047], "60": [192.3136645962733, 294.3598602484472], "13": [294.3212218649518, 82.2459807073955], "32": [302.5845731288624, 144.80384527351796], "40": [264.6245093763628, 219.34605320540777], "59": [272.54632229084785, 298.421392476137], "15": [346.65634441087616, 74.00604229607251], "20": [374.45478723404256, 111.54627659574469], "34": [363.9449418084154, 161.51477170993732], "48": [331.5270780856423, 220.64231738035264], "52": [296.8954372623574, 266.81273764258555], "58": [346.84276729559747, 279.96462264150944], "61": [352.4284702549575, 318.67351274787535], "6": [428.6512939615129, 41.926343729263436], "10": [394.84231943031534, 69.81332655137335], "16": [453.36027568922304, 87.96209273182957], "27": [430.41903171953254, 164.85404245170523], "41": [380.0125097732604, 206.28967943706022], "44": [444.96402310924367, 241.2733718487395]}