{
  "9": 4.812199367907842,
  "18": 5.008141183617926,
  "35": 5.097694560413449,
  "14": 4.961273533728988,
  "24": 5.106767803262767,
  "45": 4.968132217304736,
  "12": 5.073540464086969,
  "25": 4.955046952143976,
  "37": 4.963744195871994,
  "46": 4.8977049871512754,
  "4": 4.847359506908076,
  "22": 4.792471123747338,
  "51": 4.826946905735288,
  "8": 4.908857412163454,
  "19": 4.87087200462276,
  "36": 4.87230524290153,
  "50": 4.934908087686409,
  "60": 4.790473209004977,
  "13": 4.933293459616193,
  "32": 5.139355141077196,
  "40": 5.231302912299361,
  "59": 5.110827777133605,
  "15": 4.885656538733741,
  "20": 4.942906102593791,
  "34": 4.986632519163186,
  "48": 5.237354115545262,
  "52": 4.875829369599541,
  "58": 4.761643141859862,
  "61": 4.767498314173246,
  "6": 4.90243916696885,
  "10": 4.837693151016946,
  "16": 4.886770138240703,
  "27": 4.924956084299007,
  "41": 4.827832017904958,
  "44": 4.936073983245281
}