{
  "angleGiniCoeff": {
    "9": 0.08698479357858618,
    "18": 0.09292712992147098,
    "35": 0.08846686165163142,
    "14": 0.0962511653497502,
    "24": 0.06965830771398014,
    "45": 0.08069721057976655,
    "12": 0.08999983789756219,
    "25": 0.16604341090153327,
    "37": 0.11673343035397395,
    "46": 0.10525504872010048,
    "4": 0.1226287868425943,
    "22": 0.05371696495043668,
    "51": 0.10214955995751365,
    "8": 0.063403653987758,
    "19": 0.08266050118175501,
    "36": 0.0784802824827173,
    "50": 0.11325517706270435,
    "60": 0.14809193350662858,
    "13": 0.07798920289541389,
    "32": 0.05404785506934358,
    "40": 0.12714185408256282,
    "59": 0.11466534520786184,
    "15": 0.11785504434875638,
    "20": 0.11912183819081058,
    "34": 0.13588574300605472,
    "48": 0.10529950873732842,
    "52": 0.05951809387805489,
    "58": 0.08929793808291657,
    "61": 0.06904146499185498,
    "6": 0.12255312529481723,
    "10": 0.0997586624676692,
    "16": 0.06356651016365829,
    "27": 0.09925664433048217,
    "41": 0.10824777207557829,
    "44": 0.046494094933572046
  },
  "lengthGiniCoeff": {
    "9": 0.19034755520773178,
    "18": 0.07566106856116867,
    "35": 0.17567931298518508,
    "14": 0.2039102332030392,
    "24": 0.22570746460228056,
    "45": 0.13633601917304508,
    "12": 0.19813609044767935,
    "25": 0.28375350668480104,
    "37": 0.17652248758162617,
    "46": 0.17714644129608612,
    "4": 0.21724971051236217,
    "22": 0.15650102489678397,
    "51": 0.1804615808068848,
    "8": 0.11865218847021944,
    "19": 0.26623237189307536,
    "36": 0.1890157405864245,
    "50": 0.39249619955187226,
    "60": 0.23991010933007928,
    "13": 0.19140817186082681,
    "32": 0.17070834560861683,
    "40": 0.28073024938914415,
    "59": 0.13882496158991678,
    "15": 0.2373681131977973,
    "20": 0.18577477336722506,
    "34": 0.208064625216175,
    "48": 0.3011570565120872,
    "52": 0.11257372904040598,
    "58": 0.2351492654968817,
    "61": 0.19912925933587516,
    "6": 0.17543384192889597,
    "10": 0.2755752320243132,
    "16": 0.28587233931362777,
    "27": 0.2049212709224475,
    "41": 0.17386024841466663,
    "44": 0.2608567434273147
  }
}