{
  "9": 0.9779411764705882,
  "18": 0.7954022988505747,
  "35": 0.7310606060606061,
  "14": 0.843010752688172,
  "24": 0.7478991596638656,
  "45": 0.8571428571428571,
  "12": 0.7327327327327328,
  "25": 0.7613636363636364,
  "37": 0.7575757575757576,
  "46": 0.7956989247311828,
  "4": 0.919047619047619,
  "22": 0.9064327485380117,
  "51": 0.9338235294117647,
  "8": 0.8744588744588745,
  "19": 0.8297101449275363,
  "36": 0.8544973544973545,
  "50": 0.8043010752688172,
  "60": 0.8148148148148148,
  "13": 0.8412698412698413,
  "32": 0.7771836007130125,
  "40": 0.7365079365079366,
  "59": 0.714795008912656,
  "15": 0.8368421052631579,
  "20": 0.7718360071301248,
  "34": 0.76,
  "48": 0.6909581646423751,
  "52": 0.8857142857142857,
  "58": 0.8769230769230769,
  "61": 0.8953846153846153,
  "6": 0.7807881773399015,
  "10": 0.8952380952380953,
  "16": 0.9145299145299145,
  "27": 0.8162878787878788,
  "41": 0.9239130434782609,
  "44": 0.8528735632183908
}