{"9": [48.13552960800667, 100.84528773978315], "20": [85.7909381925634, 146.6404826397439], "15": [105.37312537492501, 107.80983803239351], "7": [164.69114002478315, 72.87546468401487], "18": [176.23256277401356, 132.2791948983659], "28": [155.03819709702063, 203.0550038197097], "33": [106.44485566247224, 227.37268689859363], "8": [231.97555228276877, 74.99086892488954], "13": [254.91475274156838, 126.60852472584317], "26": [203.83738438373842, 205.29554742955474], "25": [255.89369535204787, 204.76484123331798], "6": [308.0163934426229, 64.6421280544386], "19": [323.18039215686275, 127.9516339869281], "21": [316.00935226879113, 169.0976792518185], "36": [305.3136739293764, 250.53117956423742], "5": [362.8832386363636, 51.231818181818184], "17": [396.8927294398093, 121.79181565355582], "23": [378.35796011768554, 173.16802876757112], "29": [398.7382614977125, 222.06573561281002], "41": [367.0731364275668, 308.9929676511955], "43": [400.1738208797032, 341.8998410174881], "2": [419.03492884864164, 48.71345407503234], "14": [444.9726618705036, 115.65131894484412], "22": [437.6720911310008, 167.7973962571196], "35": [458.9188270293243, 220.23841903952402], "38": [438.8110566829951, 272.8481455563331]}