{
  "9": 4.808736208604392,
  "20": 4.916040152210999,
  "15": 4.867290583050861,
  "7": 4.977268538633802,
  "18": 5.350931251829623,
  "28": 4.808033824093642,
  "33": 4.868982939940274,
  "8": 4.901855714763662,
  "13": 5.100652777122491,
  "26": 4.918826230936367,
  "25": 4.926375870583347,
  "6": 4.993270199859019,
  "19": 4.899999839042389,
  "21": 4.908231435243578,
  "36": 4.753855873090362,
  "5": 5.123141929554945,
  "17": 4.910204132622721,
  "23": 4.95543037531791,
  "29": 4.967485441350159,
  "41": 4.866844517609432,
  "43": 4.750418905910099,
  "2": 5.016671658951756,
  "14": 4.842309200782827,
  "22": 4.883865616362034,
  "35": 4.891813153669882,
  "38": 4.926046065905643
}