{
  "angleGiniCoeff_ignoringGuardCells": {
    "9": 0.0913835692370733,
    "20": 0.11576237734368505,
    "15": 0.06870131378733917,
    "7": 0.08697586543576882,
    "18": 0.05080448791492835,
    "28": 0.10330104722666235,
    "33": 0.08877062616751293,
    "8": 0.10060653228508187,
    "13": 0.09496065096964976,
    "26": 0.07363213133257195,
    "25": 0.1348556534179737,
    "6": 0.0804072056335857,
    "19": 0.12343418496711557,
    "21": 0.11537079486678435,
    "36": 0.07715767795329592,
    "5": 0.11200453013269704,
    "17": 0.10546808741339553,
    "23": 0.07634305572660605,
    "29": 0.10881695208995892,
    "41": 0.0834005427161127,
    "43": 0.0642099745336325,
    "2": 0.12874114125083577,
    "14": 0.06585009002892249,
    "22": 0.09333186466616773,
    "35": 0.09431383309111771,
    "38": 0.04051852418466998
  },
  "lengthGiniCoeff_ignoringGuardCells": {
    "9": 0.1177118816081072,
    "20": 0.15587089634502843,
    "15": 0.25238735179422,
    "7": 0.2651372539793216,
    "18": 0.22346095774659872,
    "28": 0.1730555000018456,
    "33": 0.1275736583909399,
    "8": 0.1298107161402295,
    "13": 0.14893931305511657,
    "26": 0.3546164923672147,
    "25": 0.18527378233757422,
    "6": 0.2490731936741496,
    "19": 0.33649312509031476,
    "21": 0.16341236997315123,
    "36": 0.24373739245007447,
    "5": 0.24478749037060868,
    "17": 0.28630955660257473,
    "23": 0.24996698211189416,
    "29": 0.24706749797734096,
    "41": 0.20826287330673746,
    "43": 0.2853539016152421,
    "2": 0.19259034726452212,
    "14": 0.19765451989877808,
    "22": 0.1321308304127952,
    "35": 0.22343082668021683,
    "38": 0.16376413663154954
  }
}