{
  "9": 0.9367588932806324,
  "20": 0.7587301587301587,
  "15": 0.8523809523809524,
  "7": 0.8522167487684729,
  "18": 0.7102564102564103,
  "28": 0.9166666666666666,
  "33": 0.8833333333333333,
  "8": 0.8298850574712644,
  "13": 0.7702702702702703,
  "26": 0.7807807807807807,
  "25": 0.788235294117647,
  "6": 0.8004926108374384,
  "19": 0.7971014492753623,
  "21": 0.8062678062678063,
  "36": 0.8553846153846154,
  "5": 0.75,
  "17": 0.7863247863247863,
  "23": 0.8490028490028491,
  "29": 0.7798319327731092,
  "41": 0.8253968253968254,
  "43": 0.8917748917748918,
  "2": 0.7440860215053764,
  "14": 0.8961038961038961,
  "22": 0.86,
  "35": 0.9021739130434783,
  "38": 0.8176638176638177
}