{"16": [45.08545517963027, 141.9853505406348], "23": [76.60137162451778, 170.65666523789113], "28": [90.65816636308439, 218.96994535519124], "12": [110.87671232876713, 124.12876712328767], "20": [141.79183555298204, 177.09177764910248], "34": [150.3146186440678, 250.2645656779661], "5": [143.0875550660793, 56.03303964757709], "10": [174.56124314442414, 107.64220423086968], "19": [190.22560975609755, 165.43733062330622], "35": [204.88067444876782, 239.84695201037613], "8": [222.42408026755854, 82.56454849498327], "15": [250.3301290854161, 140.69349079923097], "26": [235.92739495798318, 206.19731092436976], "30": [289.6851282051282, 217.51282051282053], "3": [287.34075137592725, 47.80114860014358], "9": [293.5601788170564, 94.43466299862449], "17": [315.2669993761697, 137.12289457267624], "24": [329.84566596194503, 178.90459830866808], "4": [359.1093137254902, 70.08308823529411], "13": [392.98438740407516, 124.30140248743054], "40": [117.8030377266046, 296.8466438020578], "44": [170.93615921426726, 315.7412768157146], "50": [192.70195855804712, 357.90491058756743], "58": [223.98206382483113, 417.40321453529003], "57": [276.7762237762238, 461.5904095904096], "38": [225.0626817447496, 275.76898222940224], "45": [256.2327150084317, 321.4768971332209], "51": [270.9290965141096, 388.02964192553947], "56": [318.6250621581303, 438.8821481849826], "48": [313.6109746109746, 353.50941850941854], "37": [279.6262057877814, 261.5888263665595], "33": [342.8225806451613, 253.67497556207235], "46": [356.1967792615868, 321.13629222309504], "49": [384.9819209039548, 360.08775894538604], "52": [413.7870503597122, 395.4843165467626], "29": [376.6803594351733, 214.5795892169448], "36": [405.02193455591515, 252.9270046745775]}