{
  "16": 5.022972673015332,
  "23": 4.8251949114917725,
  "28": 4.958278523500112,
  "12": 5.005836468525906,
  "20": 5.0578090452822115,
  "34": 4.927296758362715,
  "5": 5.070933922918355,
  "10": 5.075574355545826,
  "19": 4.843937401376278,
  "35": 4.754865863391448,
  "8": 4.937183392103937,
  "15": 4.947025426778383,
  "26": 4.927368081613695,
  "30": 4.769069053097343,
  "3": 5.099977569696047,
  "9": 4.977823507160284,
  "17": 4.8587787282980175,
  "24": 4.988342127267737,
  "4": 5.027473975950483,
  "13": 4.9605154176329265,
  "40": 4.935879325814176,
  "44": 4.998148090283976,
  "50": 5.0355925476408405,
  "58": 5.037270138067453,
  "57": 4.935108822822,
  "38": 4.984837372581219,
  "45": 4.917834323699577,
  "51": 4.922721438810169,
  "56": 4.878565410167341,
  "48": 4.760475412469715,
  "37": 4.794539561302899,
  "33": 5.09276613514671,
  "46": 4.738472965583382,
  "49": 4.807562336137432,
  "52": 4.998759042953865,
  "29": 4.864349097088748,
  "36": 4.960660805797768
}