{
  "angleGiniCoeff": {
    "16": 0.08435514025327615,
    "23": 0.08081898437978662,
    "28": 0.06270097667906181,
    "12": 0.06210643719062787,
    "20": 0.04447645830804133,
    "34": 0.099415577860029,
    "5": 0.10539303397549296,
    "10": 0.08996227391973104,
    "19": 0.06047142924253735,
    "35": 0.05835148539705122,
    "8": 0.1068155116097192,
    "15": 0.05098701772028867,
    "26": 0.11284797794740392,
    "30": 0.11985002296505907,
    "3": 0.07824132681109926,
    "9": 0.12378922364829002,
    "17": 0.06967549365399554,
    "24": 0.0519976401977049,
    "4": 0.08669359256719014,
    "13": 0.10587483359084678,
    "40": 0.09579280113441963,
    "44": 0.05603745027961086,
    "50": 0.10780669450344271,
    "58": 0.07392230841160567,
    "57": 0.07746464269365902,
    "38": 0.04713188343446703,
    "45": 0.059183506578571965,
    "51": 0.041623311888002196,
    "56": 0.10279438773877654,
    "48": 0.07715841869717607,
    "37": 0.08817491918820665,
    "33": 0.07686948087809944,
    "46": 0.09438741956273801,
    "49": 0.10060153470480447,
    "52": 0.09606582360319213,
    "29": 0.014784728032432097,
    "36": 0.15028850307264005
  },
  "lengthGiniCoeff": {
    "16": 0.17504397732661225,
    "23": 0.1583786160746204,
    "28": 0.15208457107364018,
    "12": 0.18372977212110944,
    "20": 0.20211368719522027,
    "34": 0.10629265833835887,
    "5": 0.22435353312846726,
    "10": 0.17430740982090287,
    "19": 0.14208612668341203,
    "35": 0.10568414864911209,
    "8": 0.2313857698184811,
    "15": 0.12021658713704499,
    "26": 0.1693147246216965,
    "30": 0.05344882831101523,
    "3": 0.26524595985024596,
    "9": 0.1824264761455859,
    "17": 0.21397021616882256,
    "24": 0.14568997605541148,
    "4": 0.14072085062642842,
    "13": 0.31958175664972566,
    "40": 0.1206684928210082,
    "44": 0.20340959247786178,
    "50": 0.2142703982032798,
    "58": 0.2381307205917045,
    "57": 0.08784243917967686,
    "38": 0.15038947446009046,
    "45": 0.206731413341152,
    "51": 0.1708917110365791,
    "56": 0.2579819259498794,
    "48": 0.18879401334997795,
    "37": 0.19477671533557303,
    "33": 0.10522604971696572,
    "46": 0.20009209744011217,
    "49": 0.32264331831784465,
    "52": 0.22507314596966152,
    "29": 0.08984727662350919,
    "36": 0.07517517590739613
  }
}