{
  "angleGiniCoeff_ignoringGuardCells": {
    "16": 0.08435514025327615,
    "23": 0.08081898437978662,
    "28": 0.06270097667906181,
    "12": 0.06210643719062787,
    "20": 0.04877822342917296,
    "34": 0.10491673702440264,
    "5": 0.10746636874320133,
    "10": 0.08996227391973104,
    "19": 0.06047142924253735,
    "35": 0.05835148539705122,
    "8": 0.1068155116097192,
    "15": 0.0517167820362213,
    "26": 0.1016701745142348,
    "30": 0.1089001923753333,
    "3": 0.07824132681109926,
    "9": 0.078590193106239,
    "17": 0.06967549365399554,
    "24": 0.04339113357149207,
    "4": 0.08669359256719014,
    "13": 0.11225874410621964,
    "40": 0.09579280113441963,
    "44": 0.05603745027961086,
    "50": 0.10780669450344271,
    "58": 0.07392230841160567,
    "57": 0.07746464269365902,
    "38": 0.04713188343446703,
    "45": 0.059183506578571965,
    "51": 0.012667354999810544,
    "56": 0.11234105974140339,
    "48": 0.07678828290416168,
    "37": 0.08817491918820665,
    "33": 0.07686948087809944,
    "46": 0.10220578984068662,
    "49": 0.11065380989714674,
    "52": 0.0612041814512039,
    "29": 0.009460736664599196,
    "36": 0.15997269736704728
  },
  "lengthGiniCoeff_ignoringGuardCells": {
    "16": 0.17504397732661225,
    "23": 0.1583786160746204,
    "28": 0.15208457107364018,
    "12": 0.18372977212110944,
    "20": 0.1806452019944864,
    "34": 0.10629265833835887,
    "5": 0.2202925135070492,
    "10": 0.17430740982090287,
    "19": 0.14208612668341203,
    "35": 0.10568414864911209,
    "8": 0.2313857698184811,
    "15": 0.12021658713704499,
    "26": 0.1693147246216965,
    "30": 0.05344882831101523,
    "3": 0.26524595985024596,
    "9": 0.1824264761455859,
    "17": 0.21397021616882256,
    "24": 0.14568997605541148,
    "4": 0.14072085062642842,
    "13": 0.31958175664972566,
    "40": 0.1206684928210082,
    "44": 0.20340959247786178,
    "50": 0.2142703982032798,
    "58": 0.2381307205917045,
    "57": 0.08784243917967686,
    "38": 0.15038947446009046,
    "45": 0.206731413341152,
    "51": 0.18649917017901382,
    "56": 0.2579819259498794,
    "48": 0.18879401334997795,
    "37": 0.19477671533557303,
    "33": 0.10522604971696572,
    "46": 0.20009209744011217,
    "49": 0.32264331831784465,
    "52": 0.24473156478902638,
    "29": 0.0782227268807272,
    "36": 0.07517517590739613
  }
}