{
  "16": 0.7645502645502645,
  "23": 0.8853754940711462,
  "28": 0.8597883597883598,
  "12": 0.8045977011494253,
  "20": 0.7741935483870968,
  "34": 0.871264367816092,
  "5": 0.7537878787878788,
  "10": 0.7361853832442068,
  "19": 0.8676923076923077,
  "35": 0.9411764705882353,
  "8": 0.8095238095238095,
  "15": 0.832258064516129,
  "26": 0.8095238095238095,
  "30": 0.9047619047619048,
  "3": 0.6936507936507936,
  "9": 0.8176638176638177,
  "17": 0.8713450292397661,
  "24": 0.825287356321839,
  "4": 0.7727272727272727,
  "13": 0.782258064516129,
  "40": 0.8441558441558441,
  "44": 0.7923387096774194,
  "50": 0.7439516129032258,
  "58": 0.8128342245989305,
  "57": 0.7980295566502463,
  "38": 0.7684729064039408,
  "45": 0.8376068376068376,
  "51": 0.8528225806451613,
  "56": 0.83399209486166,
  "48": 0.9209486166007905,
  "37": 0.9021739130434783,
  "33": 0.7575757575757576,
  "46": 0.9130434782608695,
  "49": 0.87,
  "52": 0.7741935483870968,
  "29": 0.8947368421052632,
  "36": 0.8205128205128205
}