{"9": [35.61730769230769, 120.04076923076923], "21": [75.32501155802127, 169.58830328247805], "16": [94.78518937252686, 128.9864330130017], "7": [154.37405647190383, 90.78864970645793], "18": [166.43846720707444, 155.03924097273398], "29": [147.01247833622185, 231.03604852686308], "35": [98.60837438423646, 257.72976776917665], "8": [221.27345254470427, 92.06519944979367], "14": [245.1012169209967, 147.43191037280278], "27": [196.4204, 232.5268], "26": [247.96504593322877, 230.91709612368362], "6": [297.27621558289394, 79.75776215582894], "20": [312.3246644295302, 147.20176174496643], "24": [306.81103896103895, 191.18636363636364], "38": [297.88586206896554, 278.48137931034483], "4": [352.3875560242552, 63.800949116794094], "17": [386.9936, 138.1596], "23": [369.59586247086247, 193.51719114219114], "30": [391.89969245327654, 245.0733380648214], "43": [361.3136033229491, 339.3921772239529], "45": [395.2491533623609, 373.8248669569424], "2": [409.0249628528975, 59.87815750371471], "13": [434.81814058956917, 129.28571428571428], "22": [428.3592746505478, 185.25840574234982], "31": [451.83221225710014, 240.83221225710014], "39": [433.04123036649213, 297.46465968586386]}