{
  "9": 4.839334910605986,
  "21": 4.919353505800366,
  "16": 4.881967750674775,
  "7": 4.951082605587557,
  "18": 5.340499231351025,
  "29": 4.820052138523399,
  "35": 4.907504974271365,
  "8": 4.916760237912458,
  "14": 5.0992934009510344,
  "27": 4.922967782951447,
  "26": 4.957477811484199,
  "6": 4.999513954450262,
  "20": 4.942003642750503,
  "24": 4.916420875405849,
  "38": 4.779796968968252,
  "4": 5.145541199422962,
  "17": 4.885175095184007,
  "23": 4.933678608171916,
  "30": 4.980488716354747,
  "43": 4.910528341469497,
  "45": 4.742223840436523,
  "2": 5.019560353656778,
  "13": 4.810005242730532,
  "22": 4.850479641586001,
  "31": 4.894480065243695,
  "39": 4.901172992375673
}