{
  "angleGiniCoeff_ignoringGuardCells": {
    "9": 0.09164882441378275,
    "21": 0.11020600236416547,
    "16": 0.07905946177333144,
    "7": 0.09662134924730455,
    "18": 0.059316414274328114,
    "29": 0.1060097131122419,
    "35": 0.09650603399316032,
    "8": 0.09071449558919631,
    "14": 0.08723096225849007,
    "27": 0.06863768995178306,
    "26": 0.13586215036481789,
    "6": 0.09436198814949139,
    "20": 0.10068564819207021,
    "24": 0.11489873151255019,
    "38": 0.07488284544746569,
    "4": 0.11324643958143912,
    "17": 0.10223973082161314,
    "23": 0.08203876111021156,
    "30": 0.09552555691524668,
    "43": 0.08514155732388135,
    "45": 0.06628394200020482,
    "2": 0.09967111589249361,
    "13": 0.06374210514576936,
    "22": 0.08686628603560331,
    "31": 0.09467806655073505,
    "39": 0.03545779927653605
  },
  "lengthGiniCoeff_ignoringGuardCells": {
    "9": 0.13787161504205925,
    "21": 0.157717068806686,
    "16": 0.24687156665441223,
    "7": 0.25397433793093854,
    "18": 0.21188045335349354,
    "29": 0.17297890097096405,
    "35": 0.1425989124619468,
    "8": 0.12507856390600766,
    "14": 0.14644304621599202,
    "27": 0.36299724591045035,
    "26": 0.18708628833874746,
    "6": 0.24354694406775684,
    "20": 0.24961202826178386,
    "24": 0.15241543881167371,
    "38": 0.22688529527456588,
    "4": 0.23996900675693175,
    "17": 0.27958145407988927,
    "23": 0.2316113934641778,
    "30": 0.1897110034017402,
    "43": 0.20934739557406737,
    "45": 0.2669784797615244,
    "2": 0.1888663383532778,
    "13": 0.20915191911431882,
    "22": 0.15031712339587938,
    "31": 0.21991736319143276,
    "39": 0.2335350118285043
  }
}