{
  "9": 0.9166666666666666,
  "21": 0.7717717717717718,
  "16": 0.8614718614718615,
  "7": 0.825287356321839,
  "18": 0.6865853658536586,
  "29": 0.9031339031339032,
  "35": 0.8769230769230769,
  "8": 0.8160919540229885,
  "14": 0.7638691322901849,
  "27": 0.7652916073968705,
  "26": 0.7537537537537538,
  "6": 0.7724137931034483,
  "20": 0.7866666666666666,
  "24": 0.8068783068783069,
  "38": 0.8717948717948718,
  "4": 0.7329545454545454,
  "17": 0.7834757834757835,
  "23": 0.8325123152709359,
  "30": 0.7697478991596639,
  "43": 0.7936507936507936,
  "45": 0.8917748917748918,
  "2": 0.7178030303030303,
  "13": 0.9130434782608695,
  "22": 0.8523076923076923,
  "31": 0.89,
  "39": 0.8201058201058201
}