{"39": [118.09292433947158, 408.3767514011209], "59": [125.45035710104203, 538.1462943449245], "84": [130.5013544891641, 758.2302631578947], "93": [170.57485651483697, 901.7110147759189], "31": [293.45746672212977, 310.2443323627288], "66": [250.678042054464, 570.9503044927037], "75": [257.8772129561109, 730.4494791370183], "110": [359.12155144433626, 1001.9725738396625], "92": [377.08285344928896, 854.0086966741097], "80": [428.6213102951764, 729.4233261339093], "65": [383.0346133044889, 599.6716728377086], "41": [336.4919692519218, 438.97112680457474], "36": [423.7991130820399, 357.24538063562454], "11": [446.2402300020354, 226.54701811520457], "34": [607.3583920160426, 357.21494193909433], "18": [657.5394544123031, 232.09547784694252], "7": [638.1750457038391, 115.30583485679463], "5": [756.7583988563259, 129.7555396711937], "38": [759.0081431420341, 386.2732661200975], "52": [669.4295892989178, 501.7722659138267], "48": [848.3853620955316, 450.56471494607086], "45": [919.7944822443844, 501.1772765402181], "73": [837.3129053177692, 659.4842196281885], "86": [888.6543262497717, 757.3458564208731], "102": [863.4816337426588, 927.3419647624132], "99": [723.319863963843, 943.7460509240614], "91": [609.7276288407394, 890.4446076631167], "71": [619.6494156928213, 672.9177940245237], "68": [528.7646067956492, 625.9809413803061], "89": [505.44279263633206, 816.806738450851], "70": [741.8713742875237, 621.2176694110196], "87": [719.405069582505, 786.1476143141153], "51": [472.01007938165867, 473.95832462920407]}