{
  "39": 5.089500443166464,
  "59": 5.094057364050596,
  "84": 5.0013145594109885,
  "93": 5.0237925998478,
  "31": 5.2771459011425765,
  "66": 5.1465201556216496,
  "75": 5.071992976871433,
  "110": 4.904819100089522,
  "92": 5.006032165233199,
  "80": 4.869312694730694,
  "65": 5.401252281768725,
  "41": 5.017223800941193,
  "36": 4.841147158337537,
  "11": 5.298288885910396,
  "34": 5.446331195373215,
  "18": 4.9574206270143995,
  "7": 4.992042080344239,
  "5": 4.961916560033814,
  "38": 5.101326748842631,
  "52": 4.920702278338601,
  "48": 4.910704377538767,
  "45": 5.2667766365049635,
  "73": 4.896433871716885,
  "86": 5.082175479096095,
  "102": 5.241088995702787,
  "99": 5.1780845036730705,
  "91": 5.239167371511553,
  "71": 4.994793371948779,
  "68": 5.006040172758521,
  "89": 4.906973785928967,
  "70": 5.03835447695303,
  "87": 5.034783870042315,
  "51": 5.164424247629436
}