{
  "39": 0.6770334928229665,
  "59": 0.7071611253196931,
  "84": 0.7451923076923077,
  "93": 0.7090543259557344,
  "31": 0.6225308641975309,
  "66": 0.6960093896713615,
  "75": 0.6819696408737504,
  "110": 0.8185117967332124,
  "92": 0.7575757575757576,
  "80": 0.8626262626262626,
  "65": 0.5638157894736842,
  "41": 0.7258741258741259,
  "36": 0.823170731707317,
  "11": 0.6436222005842259,
  "34": 0.6090287277701778,
  "18": 0.7763801537386443,
  "7": 0.7424643046007403,
  "5": 0.731638418079096,
  "38": 0.6742342342342342,
  "52": 0.7777777777777778,
  "48": 0.802439024390244,
  "45": 0.5619047619047619,
  "73": 0.7714285714285715,
  "86": 0.7020460358056266,
  "102": 0.631937682570594,
  "99": 0.638095238095238,
  "91": 0.5536633663366337,
  "71": 0.6927064050351721,
  "68": 0.7221052631578947,
  "89": 0.7787698412698413,
  "70": 0.7610576923076923,
  "87": 0.746076458752515,
  "51": 0.6703296703296703
}