{"19": [71.43240421755924, 286.30639941538783], "29": [135.5929865747194, 378.680067493214], "24": [164.25191489361703, 298.32868085106384], "23": [244.329854640328, 197.20027332587898], "22": [268.7018848848126, 322.36520545966636], "41": [259.33502824858755, 488.8307344632768], "42": [185.63780581039757, 552.1598814984709], "20": [329.31799664509947, 188.0546369518332], "17": [370.65831046503, 290.50285544760067], "32": [328.853069147868, 456.24338978512617], "33": [400.17245826467007, 464.9943397578276], "6": [416.5438066465257, 169.07951112331776], "27": [464.8913956744982, 275.36657849696593], "28": [479.1060456980431, 354.231988630152], "43": [495.5243524463139, 520.5736108036307], "3": [483.6544406280667, 121.13125613346418], "14": [561.6917302963634, 229.7746861653941], "26": [577.3330857779429, 350.3576865948756], "30": [634.4187044844768, 431.7789957838252], "47": [613.4157181571816, 597.2197831978319], "53": [665.0429397192403, 636.5739058629232], "11": [569.6248322840335, 104.85086180204355], "12": [633.7712430092008, 209.46058091286307], "25": [663.436204379562, 302.2676399026764], "31": [728.1424873995369, 391.98882985969215], "40": [721.8788759689922, 498.34728682170544]}