{
  "19": 4.850148721947477,
  "29": 4.969009491141756,
  "24": 4.952966143631161,
  "23": 4.851487986060847,
  "22": 5.084742948944892,
  "41": 4.839878794369428,
  "42": 4.890454825068518,
  "20": 4.943739800717129,
  "17": 4.949003625493365,
  "32": 4.998517021119478,
  "33": 4.893592998100154,
  "6": 4.888230571209364,
  "27": 4.90477660214255,
  "28": 4.875867831233154,
  "43": 4.846133620659898,
  "3": 4.994641034769455,
  "14": 4.965936208158787,
  "26": 5.053571699394239,
  "30": 5.064613131631653,
  "47": 5.019181371910876,
  "53": 4.889042386320967,
  "11": 4.86030876534059,
  "12": 4.807263117849906,
  "25": 4.848638015627764,
  "31": 4.859422754887134,
  "40": 4.929036445541844
}