{
  "angleGiniCoeff": {
    "19": 0.08702050040849219,
    "29": 0.13006445738550126,
    "24": 0.11574295765997174,
    "23": 0.12205242397656935,
    "22": 0.06432460421054903,
    "41": 0.15602132910055036,
    "42": 0.08314234591592684,
    "20": 0.044998049041216424,
    "17": 0.05257135636737291,
    "32": 0.10549145544582565,
    "33": 0.15913596243280761,
    "6": 0.09068659488738931,
    "27": 0.12407151127757614,
    "28": 0.11937349766207246,
    "43": 0.07328582083151072,
    "3": 0.08857384030148538,
    "14": 0.09998756195443306,
    "26": 0.12176208669415428,
    "30": 0.12728886357595148,
    "47": 0.10097943942084998,
    "53": 0.10710241078624277,
    "11": 0.08022783641239377,
    "12": 0.08952558348396422,
    "25": 0.0985778874324372,
    "31": 0.10744759811496006,
    "40": 0.04867361205607622
  },
  "lengthGiniCoeff": {
    "19": 0.12128530977600847,
    "29": 0.16465650129511988,
    "24": 0.248794552257172,
    "23": 0.23852251784570513,
    "22": 0.19610564663868985,
    "41": 0.2735130189736047,
    "42": 0.23430831693996781,
    "20": 0.13623811893153479,
    "17": 0.1629332198751529,
    "32": 0.42690152076028853,
    "33": 0.2557735511027563,
    "6": 0.26451654252784523,
    "27": 0.2525247405164192,
    "28": 0.14103532835478622,
    "43": 0.1554328497174992,
    "3": 0.27183415054747134,
    "14": 0.21081986871435235,
    "26": 0.2205230902644485,
    "30": 0.2128284090490954,
    "47": 0.253243286499168,
    "53": 0.16137594316957304,
    "11": 0.17371365218675358,
    "12": 0.20592121731285004,
    "25": 0.10571156798953742,
    "31": 0.2611390778614129,
    "40": 0.24661135229745412
  }
}