{
  "19": 0.8448581560283688,
  "29": 0.7073412698412699,
  "24": 0.7932636469221835,
  "23": 0.8093971631205674,
  "22": 0.7525118984664199,
  "41": 0.8084179970972424,
  "42": 0.8236574746008708,
  "20": 0.7969858156028369,
  "17": 0.8158971361776739,
  "32": 0.6490088858509911,
  "33": 0.7576821773485514,
  "6": 0.806060606060606,
  "27": 0.7717171717171717,
  "28": 0.8024489795918367,
  "43": 0.8640148011100832,
  "3": 0.7771428571428571,
  "14": 0.8075855689176689,
  "26": 0.7506493506493507,
  "30": 0.7002331002331003,
  "47": 0.6480406386066764,
  "53": 0.8663967611336032,
  "11": 0.8448979591836735,
  "12": 0.8733997155049786,
  "25": 0.8525490196078431,
  "31": 0.8424947145877378,
  "40": 0.7791754018169113
}