{"24": [87.66829268292683, 499.14506566604126], "28": [130.11899202179413, 545.6975092430434], "33": [128.23079479000532, 639.0713716108453], "18": [222.51807391421636, 397.2563393579714], "23": [261.6594819062685, 498.7592116538132], "36": [246.3799104922924, 650.389234211835], "5": [308.54730887898523, 210.92023768712147], "11": [351.61204776958203, 315.7596885610584], "22": [363.5445357376572, 440.4014396858867], "34": [369.0960831334932, 597.186410871303], "7": [456.59212692710673, 231.72444244873523], "15": [493.0829290565607, 357.8757491010787], "25": [439.2208709023555, 511.9927308310617], "30": [551.4385413392015, 526.0747144503824], "4": [600.129171952233, 119.30466733738682], "6": [600.4212538730305, 228.03263234227703], "14": [625.4372895622896, 328.4257154882155], "21": [643.6088369682981, 422.9138913750059], "3": [744.6639806607575, 151.34900696781534], "8": [805.6075587132425, 271.1866489046773], "55": [137.30771573604062, 781.6575634517767], "54": [263.9679066798212, 773.1532122337647], "67": [291.5222855741524, 854.9664643492122], "74": [326.90454635893354, 959.783525666534], "78": [440.3180027054049, 1032.6587661001], "37": [390.2370790499823, 665.6036866359447], "51": [443.5981971920868, 750.4278079132099], "68": [459.41325196163905, 888.1139203719849], "77": [560.4532450076805, 988.8145161290323], "66": [567.5934356413834, 802.8856009986049], "35": [517.7289026808033, 621.1807602792862], "29": [660.7956401795857, 582.5636393141126], "48": [669.5730573299911, 720.4645427346971], "63": [734.763438535812, 806.7878656866984], "70": [816.2284611249572, 883.699995113131], "26": [746.9190359190359, 487.995787995788], "31": [809.7235793770989, 562.5085928754856]}