{
  "24": 4.9537303242459005,
  "28": 4.911816224787385,
  "33": 4.981717227066777,
  "18": 5.11367136399146,
  "23": 5.052236596830589,
  "36": 5.092096259281278,
  "5": 5.304812819831914,
  "11": 5.287418735349082,
  "22": 4.892773171171192,
  "34": 4.847296714730654,
  "7": 5.1020034137873616,
  "15": 5.169394980928034,
  "25": 5.116288401721436,
  "30": 4.877151303316689,
  "4": 5.529887365803114,
  "6": 5.11264546201419,
  "14": 4.974057743895683,
  "21": 5.193852443411123,
  "3": 5.297300322931553,
  "8": 5.156350465649887,
  "55": 4.912584770970434,
  "54": 5.147789432055258,
  "67": 5.192130451145678,
  "74": 5.230382397441121,
  "78": 5.158913798029058,
  "37": 5.046440473672491,
  "51": 4.946091437556471,
  "68": 5.159626061228198,
  "77": 5.110423411483156,
  "66": 4.942360786607808,
  "35": 4.930574994151885,
  "29": 5.401328907347371,
  "48": 5.008754450191733,
  "63": 5.092469163058393,
  "70": 5.0591012752596365,
  "26": 4.892491449744726,
  "31": 4.972866606879613
}