{
  "angleGiniCoeff": {
    "24": 0.1545251223661064,
    "28": 0.1563045412852266,
    "33": 0.16245614900248478,
    "18": 0.14064747686725218,
    "23": 0.10397385318107244,
    "36": 0.12503918244643877,
    "5": 0.0972612167701279,
    "11": 0.06323731695786541,
    "22": 0.1228131232928974,
    "34": 0.10371139908602327,
    "7": 0.09604648798899036,
    "15": 0.030994814614292012,
    "25": 0.12522408865143034,
    "30": 0.13520888040282794,
    "4": 0.10410202552733877,
    "6": 0.17911330812922194,
    "14": 0.1926086070437736,
    "21": 0.10539998801751328,
    "3": 0.17776550655254914,
    "8": 0.1075917157677579,
    "55": 0.21674677304648035,
    "54": 0.12490755258244561,
    "67": 0.11391172859167216,
    "74": 0.13246177125182257,
    "78": 0.14762951758023732,
    "37": 0.07471165500837218,
    "51": 0.0897098859987663,
    "68": 0.06905079599561702,
    "77": 0.15407555014277746,
    "66": 0.11279101363643078,
    "35": 0.11272335001882239,
    "29": 0.0930489924200681,
    "48": 0.10607795161352154,
    "63": 0.10159123129793744,
    "70": 0.1313221797748819,
    "26": 0.18389202035625843,
    "31": 0.1417233340664418
  },
  "lengthGiniCoeff": {
    "24": 0.2836588589412972,
    "28": 0.30233432509550934,
    "33": 0.3517497967505833,
    "18": 0.32423502180712904,
    "23": 0.22033121487099352,
    "36": 0.3459686426119615,
    "5": 0.35561861893890995,
    "11": 0.1382369774714542,
    "22": 0.19163649641822994,
    "34": 0.19073234596456876,
    "7": 0.1089029478619424,
    "15": 0.06282955605539856,
    "25": 0.3631898408064037,
    "30": 0.02436195971264069,
    "4": 0.23738772266734184,
    "6": 0.27236810516380017,
    "14": 0.3012479595766401,
    "21": 0.20992698591127829,
    "3": 0.2581524729594967,
    "8": 0.3078542551741114,
    "55": 0.3224419616464859,
    "54": 0.36545054345644146,
    "67": 0.21987613114448992,
    "74": 0.17285715000795138,
    "78": 0.11801173216852202,
    "37": 0.155301256909899,
    "51": 0.2405859220646207,
    "68": 0.0741913799697282,
    "77": 0.23143764856780066,
    "66": 0.3047023755010643,
    "35": 0.24754731828961288,
    "29": 0.07898734534907056,
    "48": 0.4324414399587875,
    "63": 0.3018861068746156,
    "70": 0.24253387221299358,
    "26": 0.18733858222969677,
    "31": 0.08327912040712067
  }
}