{
  "angleGiniCoeff_ignoringGuardCells": {
    "24": 0.1545251223661064,
    "28": 0.1563045412852266,
    "33": 0.16492517486776376,
    "18": 0.141088823495199,
    "23": 0.09818836630107902,
    "36": 0.12503918244643877,
    "5": 0.10403759516694351,
    "11": 0.06323731695786541,
    "22": 0.133099264327978,
    "34": 0.09952716510263496,
    "7": 0.09604648798899036,
    "15": 0.030994814614292012,
    "25": 0.13430591434457032,
    "30": 0.13520888040282794,
    "4": 0.10410202552733877,
    "6": 0.13483280239826903,
    "14": 0.1926086070437736,
    "21": 0.10409791084431566,
    "3": 0.13852899129698312,
    "8": 0.1166093973327376,
    "55": 0.21674677304648035,
    "54": 0.12490755258244561,
    "67": 0.11391172859167216,
    "74": 0.13246177125182257,
    "78": 0.14762951758023732,
    "37": 0.07471165500837218,
    "51": 0.07523420898048085,
    "68": 0.06905079599561702,
    "77": 0.1808557377420348,
    "66": 0.0932096536079287,
    "35": 0.08791944186641867,
    "29": 0.0930489924200681,
    "48": 0.10607795161352154,
    "63": 0.10159123129793744,
    "70": 0.14779007546653342,
    "26": 0.20010144486687859,
    "31": 0.15277246088804572
  },
  "lengthGiniCoeff_ignoringGuardCells": {
    "24": 0.2836588589412972,
    "28": 0.30233432509550934,
    "33": 0.3517497967505833,
    "18": 0.32423502180712904,
    "23": 0.21019196149981736,
    "36": 0.3459686426119615,
    "5": 0.35561861893890995,
    "11": 0.1382369774714542,
    "22": 0.19163649641822994,
    "34": 0.19073234596456876,
    "7": 0.1089029478619424,
    "15": 0.06282955605539856,
    "25": 0.3631898408064037,
    "30": 0.02436195971264069,
    "4": 0.23738772266734184,
    "6": 0.27236810516380017,
    "14": 0.3012479595766401,
    "21": 0.20992698591127829,
    "3": 0.2581524729594967,
    "8": 0.3078542551741114,
    "55": 0.3224419616464859,
    "54": 0.36545054345644146,
    "67": 0.21987613114448992,
    "74": 0.17285715000795138,
    "78": 0.11801173216852202,
    "37": 0.155301256909899,
    "51": 0.2405859220646207,
    "68": 0.0741913799697282,
    "77": 0.23143764856780066,
    "66": 0.281466296755535,
    "35": 0.24754731828961288,
    "29": 0.07898734534907056,
    "48": 0.4324414399587875,
    "63": 0.3018861068746156,
    "70": 0.2187214149702396,
    "26": 0.18733858222969677,
    "31": 0.08327912040712067
  }
}