{
  "24": 0.635010060362173,
  "28": 0.7332123411978222,
  "33": 0.6786749482401656,
  "18": 0.675776397515528,
  "23": 0.6631455399061033,
  "36": 0.7594405594405594,
  "5": 0.5633964429145152,
  "11": 0.6281613123718387,
  "22": 0.7690732206861239,
  "34": 0.8434547908232118,
  "7": 0.6822115384615385,
  "15": 0.6982496194824962,
  "25": 0.6834498834498834,
  "30": 0.8109803921568628,
  "4": 0.5060812203669347,
  "6": 0.632800608828006,
  "14": 0.810374149659864,
  "21": 0.6572541382667965,
  "3": 0.5537505972288581,
  "8": 0.6064425770308123,
  "55": 0.6728813559322034,
  "54": 0.6461187214611872,
  "67": 0.584493670886076,
  "74": 0.6356519120746763,
  "78": 0.6468468468468469,
  "37": 0.716765873015873,
  "51": 0.7562828755113968,
  "68": 0.6903096903096904,
  "77": 0.6826417299824664,
  "66": 0.759016393442623,
  "35": 0.7865319865319865,
  "29": 0.6123417721518988,
  "48": 0.7711864406779662,
  "63": 0.7008928571428571,
  "70": 0.6123301985370951,
  "26": 0.8183574879227054,
  "31": 0.6910197869101978
}