{"15": [55.135095447870775, 146.3518355359765], "20": [85.28716461203771, 178.20775924583032], "24": [94.7850189291509, 229.763115197404], "11": [127.40842338597949, 128.3233582709892], "19": [154.54780876494024, 184.585906374502], "30": [155.78372450098706, 263.2715507786795], "5": [169.179125865775, 55.9627418199188], "9": [197.83886044958825, 110.63521032717561], "17": [208.16366279069769, 172.25668604651162], "31": [216.2454915648633, 252.46247818499128], "7": [252.35960591133005, 84.2845552013909], "14": [275.8764534883721, 146.4781976744186], "23": [252.43538826318908, 216.52104327208062], "27": [309.12961335676624, 230.4683655536028], "3": [324.5140432410588, 47.23661345726409], "8": [326.5104589447393, 97.29722135497971], "16": [344.8467561521253, 143.52964205816554], "21": [356.4403606102635, 188.2706888580675], "4": [398.99719464825205, 72.1914113077255], "12": [429.91866028708137, 130.9747095010253], "37": [114.18355235269182, 313.5701568461212], "40": [169.9409050966608, 333.94595782073816], "46": [188.02187738488934, 378.5064868990079], "50": [213.7799638626782, 442.14495081308974], "53": [266.3712121212121, 490.4082792207792], "34": [233.2399441340782, 290.88379888268156], "42": [260.40053843852826, 340.3751121746934], "48": [267.46136077278453, 411.25892482150357], "52": [313.74818511796735, 466.3901996370236], "45": [317.93854748603354, 375.5066340782123], "33": [293.01910152104705, 277.07428369296076], "29": [361.1888723086762, 269.44510765295246], "43": [368.16275051831377, 342.2671043538355], "47": [394.09038275972983, 384.7947893213252], "49": [420.3969636635142, 423.93628670980587], "25": [401.3793677204659, 228.09761508596785], "32": [427.694099378882, 270.90714285714284]}