{
  "15": 4.985690772160833,
  "20": 4.846798111210697,
  "24": 4.914128300286081,
  "11": 4.948154626945539,
  "19": 4.996818231346478,
  "30": 4.8907449844448285,
  "5": 5.013762020800058,
  "9": 5.065932593637048,
  "17": 4.802405888832041,
  "31": 4.775565533156127,
  "7": 4.910803030352996,
  "14": 4.976945589730524,
  "23": 4.9029604723989495,
  "27": 4.796210660804419,
  "3": 5.041615779947648,
  "8": 4.90934461208833,
  "16": 4.889168357398028,
  "21": 4.883068835443314,
  "4": 5.020681975527388,
  "12": 4.938391439006215,
  "37": 4.867187139612008,
  "40": 4.941510022544329,
  "46": 4.949451928701811,
  "50": 4.9841072754128515,
  "53": 4.9327181832778395,
  "34": 4.9578899071863995,
  "42": 4.869080210254201,
  "48": 4.83044193889423,
  "52": 4.871507496671367,
  "45": 4.717272838163118,
  "33": 4.819281178541946,
  "29": 5.023951834732352,
  "43": 4.740074962757009,
  "47": 4.803336006699044,
  "49": 4.9046516645300455,
  "25": 4.84533916829027,
  "32": 4.8289019516945855
}