{
  "angleGiniCoeff_ignoringGuardCells": {
    "15": 0.07235398696342203,
    "20": 0.09039286916340568,
    "24": 0.07090828646454567,
    "11": 0.05269455264505192,
    "19": 0.05851088176754575,
    "30": 0.09063071765111429,
    "5": 0.1001953221494508,
    "9": 0.08865766368316479,
    "17": 0.06790441469538779,
    "31": 0.057331758263877805,
    "7": 0.09973752277583497,
    "14": 0.05007584769064535,
    "23": 0.09375182559435681,
    "27": 0.09097579482006922,
    "3": 0.08018480143436595,
    "8": 0.08429249793953733,
    "16": 0.07377841080307944,
    "21": 0.03641040279323112,
    "4": 0.08803341453810862,
    "12": 0.11747857110375226,
    "37": 0.0933403351188657,
    "40": 0.05358336857493786,
    "46": 0.10454357624316016,
    "50": 0.07404650589694017,
    "53": 0.07298258196914278,
    "34": 0.051722969132074,
    "42": 0.04796749071015815,
    "48": 0.06356402841871717,
    "52": 0.0833848808016724,
    "45": 0.07195650602296062,
    "33": 0.08938748211283708,
    "29": 0.08608675539127257,
    "43": 0.05316931974167188,
    "47": 0.08955879559974611,
    "49": 0.11411506183158357,
    "25": 0.023858283856206572,
    "32": 0.14955686616756042
  },
  "lengthGiniCoeff_ignoringGuardCells": {
    "15": 0.20812227546261894,
    "20": 0.17313647912361485,
    "24": 0.1383943942562074,
    "11": 0.1964217631516528,
    "19": 0.19809747339372408,
    "30": 0.12062133099893793,
    "5": 0.2246644506955975,
    "9": 0.16911155382410867,
    "17": 0.14672988485051558,
    "31": 0.12645291922527205,
    "7": 0.21355326081039755,
    "14": 0.12494153764633009,
    "23": 0.1651188095527875,
    "27": 0.05259300974880775,
    "3": 0.2528279921181703,
    "8": 0.17363229741797437,
    "16": 0.2222261545768294,
    "21": 0.1607200518973188,
    "4": 0.1382838992761784,
    "12": 0.31616997281341364,
    "37": 0.126135156088221,
    "40": 0.21001817588813915,
    "46": 0.22018475501672222,
    "50": 0.23852219088371931,
    "53": 0.09722964611602666,
    "34": 0.1611062048023906,
    "42": 0.2176300603942203,
    "48": 0.1501386804195423,
    "52": 0.28023842805279253,
    "45": 0.18962668257064783,
    "33": 0.1927144903046764,
    "29": 0.08587808620586351,
    "43": 0.22399710746133022,
    "47": 0.34857772928880143,
    "49": 0.24558524076691252,
    "25": 0.0848704170448728,
    "32": 0.07940097214402887
  }
}