{
  "angleGiniCoeff": {
    "15": 0.07235398696342203,
    "20": 0.09039286916340568,
    "24": 0.07090828646454567,
    "11": 0.056783188674976205,
    "19": 0.0573167083903003,
    "30": 0.0851100119004194,
    "5": 0.09514721387995607,
    "9": 0.08865766368316479,
    "17": 0.06790441469538779,
    "31": 0.06440104960749353,
    "7": 0.09973752277583497,
    "14": 0.049876300210235466,
    "23": 0.10521382165048512,
    "27": 0.10828624224512524,
    "3": 0.08018480143436595,
    "8": 0.1299802654733597,
    "16": 0.07377841080307944,
    "21": 0.042366320542191846,
    "4": 0.08803341453810862,
    "12": 0.10827008116801776,
    "37": 0.0933403351188657,
    "40": 0.05358336857493786,
    "46": 0.10454357624316016,
    "50": 0.07404650589694017,
    "53": 0.07298258196914278,
    "34": 0.051722969132074,
    "42": 0.060412291950001105,
    "48": 0.05948348085089613,
    "52": 0.0833848808016724,
    "45": 0.07223154779266808,
    "33": 0.08938748211283708,
    "29": 0.08006091547544496,
    "43": 0.09871377592914055,
    "47": 0.09875783812250616,
    "49": 0.11411506183158357,
    "25": 0.021982778846956794,
    "32": 0.13962148308569666
  },
  "lengthGiniCoeff": {
    "15": 0.20812227546261894,
    "20": 0.17313647912361485,
    "24": 0.1383943942562074,
    "11": 0.1964217631516528,
    "19": 0.19809747339372408,
    "30": 0.12062133099893793,
    "5": 0.2246644506955975,
    "9": 0.16911155382410867,
    "17": 0.14672988485051558,
    "31": 0.12645291922527205,
    "7": 0.21355326081039755,
    "14": 0.12494153764633009,
    "23": 0.1651188095527875,
    "27": 0.05259300974880775,
    "3": 0.2528279921181703,
    "8": 0.17363229741797437,
    "16": 0.2222261545768294,
    "21": 0.1607200518973188,
    "4": 0.1382838992761784,
    "12": 0.31616997281341364,
    "37": 0.126135156088221,
    "40": 0.21001817588813915,
    "46": 0.22018475501672222,
    "50": 0.23852219088371931,
    "53": 0.09722964611602666,
    "34": 0.1611062048023906,
    "42": 0.2176300603942203,
    "48": 0.1501386804195423,
    "52": 0.28023842805279253,
    "45": 0.18962668257064783,
    "33": 0.1927144903046764,
    "29": 0.08587808620586351,
    "43": 0.2033064400262909,
    "47": 0.3197663264459546,
    "49": 0.24558524076691252,
    "25": 0.10056907479807378,
    "32": 0.07940097214402887
  }
}