{
  "15": 0.7526881720430108,
  "20": 0.87,
  "24": 0.832183908045977,
  "11": 0.8129032258064516,
  "19": 0.7651515151515151,
  "30": 0.8541666666666666,
  "5": 0.7428571428571429,
  "9": 0.7396825396825397,
  "17": 0.9145299145299145,
  "31": 0.9064327485380117,
  "7": 0.8137931034482758,
  "14": 0.8068181818181818,
  "23": 0.7839080459770115,
  "27": 0.9011857707509882,
  "3": 0.6855600539811066,
  "8": 0.8148148148148148,
  "16": 0.8333333333333334,
  "21": 0.8064516129032258,
  "4": 0.7587301587301587,
  "12": 0.7697478991596639,
  "37": 0.81,
  "40": 0.7807486631016043,
  "46": 0.7361853832442068,
  "50": 0.8,
  "53": 0.8021505376344086,
  "34": 0.7677419354838709,
  "42": 0.8349753694581281,
  "48": 0.8609625668449198,
  "52": 0.8066666666666666,
  "45": 0.9066666666666666,
  "33": 0.9133333333333333,
  "29": 0.7619047619047619,
  "43": 0.9133333333333333,
  "47": 0.8660968660968661,
  "49": 0.7629233511586453,
  "25": 0.8789473684210526,
  "32": 0.8177339901477833
}