{"25": [120.65411648833773, 524.96642342302], "33": [262.7678063904918, 651.1690064019751], "58": [311.66358051397424, 944.177785469124], "70": [381.13515019784876, 1132.4610154377751], "89": [386.46722971304393, 1312.3303205413147], "87": [590.4880490296221, 1341.0333621434745], "67": [818.0711110412968, 1192.1188482744537], "94": [1019.8088549367504, 1356.6940200427139], "92": [1222.5824739596828, 1356.3967456081257], "110": [1261.4799068322982, 1507.8685403726709], "74": [1320.2015410086601, 1185.6835838003055], "85": [1512.5334773780392, 1228.366533034831], "60": [1552.1666234286927, 1001.1112002075423], "34": [1403.3154414691985, 744.9023073061811], "31": [1581.9767190037899, 621.2589183661192], "21": [1523.5639072956847, 492.96937328981636], "16": [1360.3294041266813, 421.59262715818943], "14": [1137.5216435053192, 317.63666281096755], "9": [907.7114945708555, 251.47389169375475], "13": [727.3792233988905, 301.51339160643244], "17": [539.1165895061729, 367.7724279835391], "20": [433.2030741806355, 537.6826057042782], "45": [428.25559806458875, 783.3961966917971], "59": [536.1512236871599, 910.7616611986225], "57": [772.0155964048965, 939.2816096628574], "82": [597.1422165278667, 1173.1306854580398], "71": [1057.8377410042272, 1207.576863594185], "63": [1178.7647934593354, 1057.8590426203034], "61": [1423.7699341208543, 989.5717287596547], "38": [1223.576182169452, 793.7075009847505], "22": [1195.6088885449715, 526.6526348371121], "26": [949.6302700292956, 624.5266048910967], "18": [895.8314136125655, 443.7323560209424], "35": [706.6987306540716, 712.930881794796], "49": [982.7042853937626, 909.1729000189848]}