{
  "25": 7.151793271494505,
  "33": 7.120949070598114,
  "58": 7.142424803870751,
  "70": 7.178687415994396,
  "89": 7.069834313979215,
  "87": 7.362733428146392,
  "67": 7.512447852282242,
  "94": 7.050258737843078,
  "92": 7.147125339813231,
  "110": 7.271754820119074,
  "74": 7.385265914853931,
  "85": 7.2321638257548315,
  "60": 7.214565728913485,
  "34": 7.462557084332276,
  "31": 7.03630677119137,
  "21": 7.0246786653703355,
  "16": 7.261664468993149,
  "14": 7.523397776439584,
  "9": 7.271917529119843,
  "13": 7.149087806290396,
  "17": 7.014117201958142,
  "20": 7.366443967278058,
  "45": 7.002313360211351,
  "59": 7.2177001867515465,
  "57": 7.01704629518606,
  "82": 7.075107093883095,
  "71": 7.385540652360292,
  "63": 7.109094759890883,
  "61": 7.158729652754074,
  "38": 7.379006516839019,
  "22": 7.10981798684112,
  "26": 7.237377859487379,
  "18": 7.044005988173227,
  "35": 7.181004468272252,
  "49": 7.263013570296016
}