{
  "angleGiniCoeff_ignoringGuardCells": {
    "25": 0.08104080841397807,
    "33": 0.12778185237387896,
    "58": 0.10827123992411855,
    "70": 0.05583831744124184,
    "89": 0.04704065285853956,
    "87": 0.0714419991507133,
    "67": 0.12338815739011601,
    "94": 0.15535573806940844,
    "92": 0.051871434192871345,
    "110": 0.04431470176216399,
    "74": 0.08497156016988212,
    "85": 0.1115793115803891,
    "60": 0.12697399487662533,
    "34": 0.057019873956424,
    "31": 0.17128986104012056,
    "21": 0.10205649813005284,
    "16": 0.11053686144767512,
    "14": 0.09637222036653402,
    "9": 0.1768235579860175,
    "13": 0.054573521961831156,
    "17": 0.046776363831158074,
    "20": 0.13706836709398812,
    "45": 0.06447813469293115,
    "59": 0.11028005554096376,
    "57": 0.09487511277242094,
    "82": 0.16927350899003465,
    "71": 0.18336395409458073,
    "63": 0.1794841653101376,
    "61": 0.10115813972061005,
    "38": 0.15042980050442198,
    "22": 0.09268457922767347,
    "26": 0.0939700280926315,
    "18": 0.12873113711274944,
    "35": 0.15940385240222457,
    "49": 0.12929314132866587
  },
  "lengthGiniCoeff_ignoringGuardCells": {
    "25": 0.060352051756064805,
    "33": 0.3427360145935207,
    "58": 0.2840205269523554,
    "70": 0.19546582594660877,
    "89": 0.09758929445200723,
    "87": 0.25431770032324447,
    "67": 0.3283518229598629,
    "94": 0.46254431138816504,
    "92": 0.24198563538956974,
    "110": 0.11840552865118062,
    "74": 0.40667328640676875,
    "85": 0.22245845097716757,
    "60": 0.27292222762215157,
    "34": 0.43301926002230995,
    "31": 0.12634900282486752,
    "21": 0.22269740228346147,
    "16": 0.11199368297783777,
    "14": 0.18718808724333516,
    "9": 0.15372631460898006,
    "13": 0.08867853216496134,
    "17": 0.1759348565150825,
    "20": 0.3424688379662491,
    "45": 0.44119412009101433,
    "59": 0.31698714712249304,
    "57": 0.3015021908008807,
    "82": 0.32393396869779506,
    "71": 0.3953125699004755,
    "63": 0.1541849732222676,
    "61": 0.13829876016154777,
    "38": 0.419315032265149,
    "22": 0.26659950161098184,
    "26": 0.4366697892681128,
    "18": 0.3316545515814803,
    "35": 0.38293694367323305,
    "49": 0.3674816156186085
  }
}