{
  "angleGiniCoeff": {
    "25": 0.07978557955205767,
    "33": 0.14289926436276337,
    "58": 0.10233211830111907,
    "70": 0.05597627041196261,
    "89": 0.042349229087602476,
    "87": 0.0714419991507133,
    "67": 0.12338815739011601,
    "94": 0.15535573806940844,
    "92": 0.07694255894311591,
    "110": 0.08290509223562392,
    "74": 0.08446623045984632,
    "85": 0.10232712183730407,
    "60": 0.12697399487662533,
    "34": 0.05705951160258972,
    "31": 0.15502085203715466,
    "21": 0.10205649813005284,
    "16": 0.11053686144767512,
    "14": 0.13598194258391041,
    "9": 0.17311199440180836,
    "13": 0.054573521961831156,
    "17": 0.046776363831158074,
    "20": 0.1394487523381391,
    "45": 0.110642830734877,
    "59": 0.11815894680936252,
    "57": 0.09487511277242094,
    "82": 0.15657180296222806,
    "71": 0.18336395409458073,
    "63": 0.16906174521226647,
    "61": 0.10115813972061005,
    "38": 0.14163469388032532,
    "22": 0.0915078164019635,
    "26": 0.08858345182684861,
    "18": 0.12873113711274944,
    "35": 0.15940385240222457,
    "49": 0.12929314132866587
  },
  "lengthGiniCoeff": {
    "25": 0.054845247871820026,
    "33": 0.3427360145935207,
    "58": 0.2840205269523554,
    "70": 0.19546582594660877,
    "89": 0.09758929445200723,
    "87": 0.25431770032324447,
    "67": 0.3283518229598629,
    "94": 0.46254431138816504,
    "92": 0.24198563538956974,
    "110": 0.20400969119604265,
    "74": 0.40667328640676875,
    "85": 0.22245845097716757,
    "60": 0.27292222762215157,
    "34": 0.43301926002230995,
    "31": 0.12634900282486752,
    "21": 0.22269740228346147,
    "16": 0.11199368297783777,
    "14": 0.1992638016521227,
    "9": 0.15372631460898006,
    "13": 0.08867853216496134,
    "17": 0.1759348565150825,
    "20": 0.3424688379662491,
    "45": 0.41601988022162617,
    "59": 0.31698714712249304,
    "57": 0.3015021908008807,
    "82": 0.32393396869779506,
    "71": 0.3953125699004755,
    "63": 0.1541849732222676,
    "61": 0.13829876016154777,
    "38": 0.419315032265149,
    "22": 0.26659950161098184,
    "26": 0.4366697892681128,
    "18": 0.3316545515814803,
    "35": 0.38293694367323305,
    "49": 0.3674816156186085
  }
}