{
  "25": 0.8141414141414142,
  "33": 0.8225961538461538,
  "58": 0.7783143107989464,
  "70": 0.8002633889376646,
  "89": 0.8537414965986394,
  "87": 0.6989921612541993,
  "67": 0.6793604039553965,
  "94": 0.7448087431693989,
  "92": 0.826530612244898,
  "110": 0.7798076923076923,
  "74": 0.7281645569620253,
  "85": 0.7694164989939638,
  "60": 0.7182732878935411,
  "34": 0.6415378006872853,
  "31": 0.7909343200740055,
  "21": 0.8271186440677966,
  "16": 0.7312105565117614,
  "14": 0.6581818181818182,
  "9": 0.7184149184149184,
  "13": 0.7933747412008282,
  "17": 0.785513078470825,
  "20": 0.6692615190406059,
  "45": 0.8448581560283688,
  "59": 0.7341736694677871,
  "57": 0.8308270676691729,
  "82": 0.850177304964539,
  "71": 0.6518518518518519,
  "63": 0.7567567567567568,
  "61": 0.8058510638297872,
  "38": 0.6645628798503974,
  "22": 0.7842650103519668,
  "26": 0.7202687569988802,
  "18": 0.8470266040688575,
  "35": 0.7786432976306394,
  "49": 0.750561797752809
}