{"26": [65.30970229171129, 201.76097665452988], "43": [61.5926569089556, 261.88910940213344], "57": [46.54156479217604, 361.37713936430316], "66": [59.509362279511535, 423.4843962008141], "19": [161.50355220667385, 153.17459634015069], "45": [125.51771561771562, 274.18764568764567], "52": [115.53126776577601, 348.28908470722], "72": [153.81498829039813, 458.74746291959406], "63": [170.0002467917078, 397.0515794669299], "54": [207.6141761052247, 342.50968213372306], "44": [195.26715259071463, 285.6552051972746], "27": [177.61840041819133, 210.9945112388918], "23": [229.19884575026234, 173.23609653725077], "12": [244.37924606462303, 108.92647058823529], "20": [318.405314872711, 169.56342117016524], "17": [350.20752324598476, 116.20245139475908], "8": [347.2914121451671, 61.72906934962271], "7": [400.7305066475027, 73.65468918433345], "25": [392.16366047745356, 184.21618037135278], "35": [350.33227040816325, 236.00414540816325], "34": [430.7787676317743, 222.83147735708982], "38": [460.31907571288104, 251.32743362831857], "51": [424.9604430379747, 317.6466244725738], "59": [445.0262793914246, 359.7856154910097], "67": [430.80989505247373, 431.08515742128935], "68": [359.826803682295, 432.9995718261614], "62": [300.5490306794655, 408.9405232448711], "48": [315.2485835694051, 318.33474976392824], "46": [271.4806137258967, 295.4177897574124], "61": [244.82380300957593, 380.75075239398086], "47": [379.82438606510567, 295.0191319246145], "56": [361.62023877202955, 369.6989766913019], "32": [247.80963250399452, 224.98447842958228]}