{
  "26": 4.945707723303811,
  "43": 4.9451919630969385,
  "57": 4.857151176127602,
  "66": 4.942455406780447,
  "19": 4.868712061285027,
  "45": 4.967732509981325,
  "52": 4.931989424091833,
  "72": 4.81414620999117,
  "63": 4.865263253136644,
  "54": 4.769567533982181,
  "44": 5.072450909164916,
  "27": 4.879086081157986,
  "23": 4.6774936406693275,
  "12": 4.9679259653706715,
  "20": 5.017589549000542,
  "17": 4.829531496223079,
  "8": 4.76572590394278,
  "7": 4.872999250819038,
  "25": 4.881147716353912,
  "35": 4.915454283230906,
  "34": 4.879313518233282,
  "38": 5.006127880250308,
  "51": 4.788632906538403,
  "59": 4.812053690693036,
  "67": 4.952152436635024,
  "68": 5.027872571456662,
  "62": 5.035469668025429,
  "48": 4.8828294763774505,
  "46": 4.9401559877835926,
  "61": 4.921164080686101,
  "47": 4.881419621562165,
  "56": 4.9582708574263865,
  "32": 5.003403690964477
}