{
  "angleGiniCoeff_ignoringGuardCells": {
    "26": 0.08534398423954535,
    "43": 0.09706545670955603,
    "57": 0.06456725249182567,
    "66": 0.039510583107902,
    "19": 0.10616072351146655,
    "45": 0.0852990859746155,
    "52": 0.09310952430043842,
    "72": 0.16296912817539344,
    "63": 0.1748153219604278,
    "54": 0.14341329914105233,
    "44": 0.12276305228394349,
    "27": 0.14650696565971508,
    "23": 0.05269128694495099,
    "12": 0.0709434073974549,
    "20": 0.09568532733983999,
    "17": 0.12531311137956966,
    "8": 0.02634038541432436,
    "7": 0.09066128992138561,
    "25": 0.056338082521725945,
    "35": 0.08207101338594783,
    "34": 0.012542263228869685,
    "38": 0.12735112378454366,
    "51": 0.02396842496354731,
    "59": 0.07193272984379019,
    "67": 0.1121980123154116,
    "68": 0.07807502897347328,
    "62": 0.08403839359235298,
    "48": 0.07955535880755829,
    "46": 0.09819018448525739,
    "61": 0.05960292892656652,
    "47": 0.0733804261693378,
    "56": 0.07599551158966407,
    "32": 0.12082977240039525
  },
  "lengthGiniCoeff_ignoringGuardCells": {
    "26": 0.3221722527814464,
    "43": 0.1921056476185661,
    "57": 0.16177516237253795,
    "66": 0.18426150899507202,
    "19": 0.14080595189414688,
    "45": 0.23894761280924218,
    "52": 0.14885655586537397,
    "72": 0.11545609687795827,
    "63": 0.12414623533433106,
    "54": 0.12408134889320624,
    "44": 0.11767947397885825,
    "27": 0.1005235109822561,
    "23": 0.094645782846205,
    "12": 0.1542644045167766,
    "20": 0.19997758605543023,
    "17": 0.13681322750823957,
    "8": 0.1240568859992178,
    "7": 0.19098571810692086,
    "25": 0.12034957914572356,
    "35": 0.10483781061907718,
    "34": 0.14789113030964157,
    "38": 0.1854129658133961,
    "51": 0.12565933506127477,
    "59": 0.19963605172115884,
    "67": 0.2584895522184183,
    "68": 0.2498890570958738,
    "62": 0.1936427828507212,
    "48": 0.3597277362839711,
    "46": 0.23018962461351442,
    "61": 0.18290265074898815,
    "47": 0.18898211385369132,
    "56": 0.2578057591210072,
    "32": 0.1333272560978961
  }
}