{
  "angleGiniCoeff": {
    "26": 0.07963656012782969,
    "43": 0.10522962288689866,
    "57": 0.09848302433139738,
    "66": 0.04206269920158697,
    "19": 0.1230118584407863,
    "45": 0.09321908242261136,
    "52": 0.10538778962436053,
    "72": 0.1538736397915493,
    "63": 0.14778308478729993,
    "54": 0.13614056557892262,
    "44": 0.12276305228394349,
    "27": 0.1397862465873344,
    "23": 0.05269128694495099,
    "12": 0.0701229556494308,
    "20": 0.08983648931302006,
    "17": 0.12531311137956966,
    "8": 0.09607710645339565,
    "7": 0.09496028469411473,
    "25": 0.07126064022641822,
    "35": 0.09401626195766424,
    "34": 0.1069471386962214,
    "38": 0.11600741263688055,
    "51": 0.03211038580245228,
    "59": 0.07012139151371265,
    "67": 0.1121980123154116,
    "68": 0.0696826697819613,
    "62": 0.1165035170758856,
    "48": 0.07955535880755829,
    "46": 0.1066100299624914,
    "61": 0.05960292892656652,
    "47": 0.06668091270156344,
    "56": 0.07272751742874632,
    "32": 0.11373717613849173
  },
  "lengthGiniCoeff": {
    "26": 0.3221722527814464,
    "43": 0.1921056476185661,
    "57": 0.16177516237253795,
    "66": 0.18426150899507202,
    "19": 0.13239238439280948,
    "45": 0.23894761280924218,
    "52": 0.14885655586537397,
    "72": 0.11545609687795827,
    "63": 0.1575691166622242,
    "54": 0.11446703698856234,
    "44": 0.11767947397885825,
    "27": 0.1005235109822561,
    "23": 0.094645782846205,
    "12": 0.15018140899178659,
    "20": 0.19662566589191263,
    "17": 0.13681322750823957,
    "8": 0.1240568859992178,
    "7": 0.19098571810692086,
    "25": 0.12034957914572356,
    "35": 0.13942161387509336,
    "34": 0.14789113030964157,
    "38": 0.1854129658133961,
    "51": 0.12565933506127477,
    "59": 0.19963605172115884,
    "67": 0.2584895522184183,
    "68": 0.2498890570958738,
    "62": 0.1730471736044213,
    "48": 0.3597277362839711,
    "46": 0.21116998517058572,
    "61": 0.18290265074898815,
    "47": 0.18898211385369132,
    "56": 0.2578057591210072,
    "32": 0.1333272560978961
  }
}