{
  "26": 0.8,
  "43": 0.7859848484848485,
  "57": 0.8399014778325123,
  "66": 0.8064516129032258,
  "19": 0.7453769559032717,
  "45": 0.8125,
  "52": 0.8024193548387096,
  "72": 0.8766666666666667,
  "63": 0.7825311942959001,
  "54": 0.9015384615384615,
  "44": 0.6902748414376322,
  "27": 0.7943548387096774,
  "23": 0.9105263157894737,
  "12": 0.7984126984126985,
  "20": 0.7162162162162162,
  "17": 0.9011857707509882,
  "8": 0.92,
  "7": 0.8347578347578347,
  "25": 0.8043010752688172,
  "35": 0.791005291005291,
  "34": 0.869281045751634,
  "38": 0.7285714285714285,
  "51": 0.9052631578947369,
  "59": 0.8518518518518519,
  "67": 0.7763440860215054,
  "68": 0.7619047619047619,
  "62": 0.7121951219512195,
  "48": 0.7932773109243697,
  "46": 0.8,
  "61": 0.8459770114942529,
  "47": 0.8645320197044335,
  "56": 0.789247311827957,
  "32": 0.7476190476190476
}