{"5": [137.47901448557633, 127.72068837439643], "12": [125.36075314453275, 225.4481055637009], "26": [71.59403352298939, 313.3075503613717], "32": [82.98188475621507, 395.74580844093276], "39": [132.0292497245317, 467.4882299909847], "46": [248.80456944544864, 539.7889523534091], "42": [376.8016282937932, 530.1068020660072], "38": [493.3934559850955, 443.00454122030743], "43": [519.0975978815964, 517.5806695668621], "28": [553.9949574181982, 341.0981622590767], "16": [578.4670395525369, 256.6550805699827], "11": [567.4479746835443, 183.18848101265823], "10": [465.90586477400075, 175.48138463454114], "17": [462.76347908519966, 255.1047517478374], "29": [367.3061327415776, 335.31490821061124], "15": [312.69319017502573, 255.12766583321076], "8": [290.7525939900283, 157.14041234334996], "14": [229.4438731790917, 243.33219080262782], "24": [168.02251134126507, 340.3554737653], "34": [260.01063144329896, 431.0322164948454], "35": [362.85135135135135, 433.27598133848136], "33": [471.4763097072419, 380.67777349768875], "27": [269.25229407319443, 342.79347943430855]}