{
  "5": 4.873359068165001,
  "12": 4.879216033027678,
  "26": 4.875728812515853,
  "32": 4.9516569082126844,
  "39": 4.892561998120694,
  "46": 4.909143618604874,
  "42": 4.8269302135089385,
  "38": 4.8103189930400685,
  "43": 4.875551840343227,
  "28": 4.9416892175018114,
  "16": 4.924005092488735,
  "11": 4.827151277428673,
  "10": 4.832939654820052,
  "17": 4.948045326333312,
  "29": 4.824303487388859,
  "15": 4.850570010448639,
  "8": 4.9162478223055155,
  "14": 4.848623301951704,
  "24": 4.887725295169824,
  "34": 4.88024651419408,
  "35": 4.835503638507813,
  "33": 4.822348835151181,
  "27": 4.86844982530506
}