{
  "angleGiniCoeff_ignoringGuardCells": {
    "5": 0.06451793750304714,
    "12": 0.06753515406571513,
    "26": 0.11215950827226254,
    "32": 0.04704304384399363,
    "39": 0.12149202949335941,
    "46": 0.11125679457344746,
    "42": 0.07038496664277077,
    "38": 0.09444058030351865,
    "43": 0.13017453356390055,
    "28": 0.0472223847494312,
    "16": 0.05296342283648587,
    "11": 0.06885056656060477,
    "10": 0.035769576915085054,
    "17": 0.060521676036619336,
    "29": 0.09077980317951503,
    "15": 0.09076054823162588,
    "8": 0.08988365330991786,
    "14": 0.08098063381530436,
    "24": 0.07015082971927454,
    "34": 0.11019796180118258,
    "35": 0.10312825969667912,
    "33": 0.06576089259836873,
    "27": 0.07029316002573661
  },
  "lengthGiniCoeff_ignoringGuardCells": {
    "5": 0.209458158847529,
    "12": 0.11527061533205776,
    "26": 0.14905033538164353,
    "32": 0.16910751210146177,
    "39": 0.18134417764446806,
    "46": 0.1493745614821517,
    "42": 0.20889446827208832,
    "38": 0.15997710620070185,
    "43": 0.09483874563098912,
    "28": 0.1396731942626583,
    "16": 0.2805657629582648,
    "11": 0.20711614015413293,
    "10": 0.23166404635344298,
    "17": 0.24355658709624256,
    "29": 0.23008783968271931,
    "15": 0.08948916951892312,
    "8": 0.17126696606126554,
    "14": 0.12975656339516725,
    "24": 0.15179936499497912,
    "34": 0.20081416961772533,
    "35": 0.25661871573508366,
    "33": 0.1498353312248998,
    "27": 0.1518443639585743
  }
}