{
  "5": 0.8405797101449275,
  "12": 0.8263762855414398,
  "26": 0.8384615384615385,
  "32": 0.7738264580369844,
  "39": 0.7819607843137255,
  "46": 0.8080380750925437,
  "42": 0.8388969521044993,
  "38": 0.7836879432624113,
  "43": 0.8857142857142857,
  "28": 0.8418131359851989,
  "16": 0.7632850241545893,
  "11": 0.8892580287929125,
  "10": 0.8484848484848485,
  "17": 0.7730496453900709,
  "29": 0.8758503401360545,
  "15": 0.8906882591093117,
  "8": 0.8111111111111111,
  "14": 0.8402439024390244,
  "24": 0.8141160027952481,
  "34": 0.7967479674796748,
  "35": 0.7781954887218046,
  "33": 0.8206349206349206,
  "27": 0.8392857142857143
}