{"24": [81.41769180964714, 293.7792975072839], "33": [154.6919964028777, 406.5681767086331], "28": [185.57371007371006, 309.9597665847666], "13": [274.74395674300257, 194.20833333333334], "26": [304.4526139222812, 340.2620072686609], "51": [296.1224769385332, 535.2349986300119], "56": [216.53107387089503, 612.5614338318178], "12": [365.0794957282767, 186.26755574077933], "25": [411.3606989972439, 306.9437635606638], "64": [372.23616813294234, 506.3416911045943], "44": [456.13020683297805, 508.11361410381977], "7": [459.2341574651944, 178.44395103216516], "27": [515.4629196900751, 295.5769278071578], "34": [531.0134343782294, 384.7192559421288], "57": [570.7858305491304, 571.6292298466547], "4": [529.1408594467695, 127.47279779524344], "20": [619.8192446043165, 246.79126698641088], "32": [648.8848107266201, 380.8426220627074], "43": [721.1963665183198, 479.21057123696886], "66": [702.9209345636164, 671.8560060949801], "70": [781.3584665440657, 711.5355778752299], "17": [626.1432463309606, 112.50681079180947], "21": [703.0022228808535, 224.342768227623], "30": [742.0591835265318, 329.0546475628195], "41": [831.1729775439256, 427.2825331203608], "55": [828.5122342865882, 549.5188866799205]}