{
  "24": 4.850693911234244,
  "33": 4.927886027623755,
  "28": 4.901190803624118,
  "13": 4.817640702617568,
  "26": 4.969226707194673,
  "51": 4.767837615993643,
  "56": 4.987835054877173,
  "12": 4.940692714249355,
  "25": 4.880649504236139,
  "64": 4.8859270034624585,
  "44": 4.873640153312097,
  "7": 4.88959621483985,
  "27": 4.851322945484054,
  "34": 4.89604035467146,
  "57": 4.812078547429182,
  "4": 4.893499468556063,
  "20": 4.907864177184165,
  "32": 4.906502994888474,
  "43": 4.962505006910108,
  "66": 4.984012552125866,
  "70": 5.0731446192111385,
  "17": 4.95017235101771,
  "21": 4.804506653019754,
  "30": 4.8351099471679895,
  "41": 4.822069915639405,
  "55": 4.93356807715807
}