{
  "angleGiniCoeff": {
    "24": 0.0861339644633433,
    "33": 0.1273942336592199,
    "28": 0.1116392891203271,
    "13": 0.12253306500745764,
    "26": 0.07554091432322162,
    "51": 0.1358465894748961,
    "56": 0.08943711095124318,
    "12": 0.042451180623996436,
    "25": 0.05507996979252123,
    "64": 0.11572529855914643,
    "44": 0.1500703773244516,
    "7": 0.08823360181425263,
    "27": 0.15115759828528652,
    "34": 0.11681656860800597,
    "57": 0.07299830447683528,
    "4": 0.08945833986219666,
    "20": 0.09570464427276448,
    "32": 0.12404219872754048,
    "43": 0.10627040251110645,
    "66": 0.14398260520251174,
    "70": 0.10115259469919333,
    "17": 0.07302312349679804,
    "21": 0.09699390069290868,
    "30": 0.0985668499074971,
    "41": 0.1090348286259669,
    "55": 0.08919090476661967
  },
  "lengthGiniCoeff": {
    "24": 0.12511802691379137,
    "33": 0.19149075999442333,
    "28": 0.2180204328369011,
    "13": 0.22680242939639014,
    "26": 0.20872593250474014,
    "51": 0.29717071453952104,
    "56": 0.2311186357616862,
    "12": 0.10520902174213796,
    "25": 0.1905588215021699,
    "64": 0.3968545537341381,
    "44": 0.27531377168501625,
    "7": 0.2772916924866657,
    "27": 0.3400498685306911,
    "34": 0.15085990634011162,
    "57": 0.1380611253238452,
    "4": 0.25785062280715004,
    "20": 0.21227359457191064,
    "32": 0.22109563441976168,
    "43": 0.19494696045533239,
    "66": 0.3306625186249751,
    "70": 0.2931430607254506,
    "17": 0.15484777145083092,
    "21": 0.19874586243446268,
    "30": 0.1438222594825667,
    "41": 0.20598116490435175,
    "55": 0.16594003506713106
  }
}