{
  "24": 0.8467532467532467,
  "33": 0.6990106544901066,
  "28": 0.8211764705882353,
  "13": 0.8009049773755657,
  "26": 0.7468812877263582,
  "51": 0.8481548699334543,
  "56": 0.7620306716023268,
  "12": 0.7937254901960784,
  "25": 0.8256410256410256,
  "64": 0.6708180708180708,
  "44": 0.7611073137388927,
  "7": 0.7969858156028369,
  "27": 0.7858823529411765,
  "34": 0.8188552188552188,
  "57": 0.8476052249637155,
  "4": 0.795355587808418,
  "20": 0.8242835595776772,
  "32": 0.7726574500768049,
  "43": 0.7276995305164319,
  "66": 0.7117255504352279,
  "70": 0.7733580018501388,
  "17": 0.8080808080808081,
  "21": 0.8734030197444832,
  "30": 0.8412429378531073,
  "41": 0.8642533936651584,
  "55": 0.7617486338797814
}