{"5": [102.92626321974149, 120.86692126909519], "13": [84.76367614879649, 191.24617067833697], "23": [54.38048970073844, 250.72328021764477], "28": [55.97843665768194, 304.6921832884097], "34": [80.17950842308754, 359.9331676332505], "41": [143.48041499047216, 410.68600465805633], "39": [208.16345202769534, 407.42952522255194], "36": [278.65418023887077, 351.8444625407166], "40": [292.17711301044636, 402.15906932573597], "25": [317.7186830835118, 275.3375267665953], "18": [355.4651508712282, 211.1043348916277], "11": [366.41917424772566, 158.19710753440634], "10": [292.9805853375833, 151.1324253839467], "19": [276.66764003185557, 212.06158747013538], "24": [213.61816162177172, 267.1971674534851], "17": [190.6082893132873, 202.6590816741162], "8": [191.35245901639345, 138.12568306010928], "16": [145.0149644594089, 198.11971567527124], "21": [105.2062074829932, 270.44472789115645], "31": [150.57148882328133, 333.97342893293967], "32": [204.40186347984607, 337.9143204375127], "29": [268.57934913619926, 303.8734431498594], "22": [160.62811011116992, 265.5563790365273]}