{
  "5": 4.85154770272856,
  "13": 4.938313307561899,
  "23": 4.80298664583082,
  "28": 4.882822000107394,
  "34": 4.961871436712465,
  "41": 4.983499502670899,
  "39": 4.9063065829480665,
  "36": 4.865023377063107,
  "40": 4.825875230645521,
  "25": 4.832512141511363,
  "18": 5.063145468641263,
  "11": 4.968756540244872,
  "10": 4.839850549102948,
  "19": 4.885011380032285,
  "24": 4.78816715604455,
  "17": 4.833808311803969,
  "8": 4.791353083791789,
  "16": 4.845886767163795,
  "21": 4.9172315557630055,
  "31": 4.843393313440431,
  "32": 4.904893588300139,
  "29": 4.836120245604785,
  "22": 4.826813348269289
}