{
  "angleGiniCoeff": {
    "5": 0.09615760727902233,
    "13": 0.09599261156690317,
    "23": 0.10567675690436909,
    "28": 0.07247086823950893,
    "34": 0.10421346438771754,
    "41": 0.10645445547223592,
    "39": 0.09020121473851106,
    "36": 0.07881938212522417,
    "40": 0.14190066201028584,
    "25": 0.08655775569725825,
    "18": 0.051860560824091524,
    "11": 0.06239663597484556,
    "10": 0.06052034969059089,
    "19": 0.08548181862343374,
    "24": 0.08129945420753866,
    "17": 0.07196870702221143,
    "8": 0.0832684186185984,
    "16": 0.057451006065292895,
    "21": 0.07394635502497436,
    "31": 0.15731041176633936,
    "32": 0.0587635723545836,
    "29": 0.054309847353943536,
    "22": 0.024071614685296436
  },
  "lengthGiniCoeff": {
    "5": 0.133960137002123,
    "13": 0.11145010635643483,
    "23": 0.16371808326129234,
    "28": 0.16676963773888714,
    "34": 0.2484902109426051,
    "41": 0.21203764819403317,
    "39": 0.2090730769802694,
    "36": 0.166329111213171,
    "40": 0.0637251202731,
    "25": 0.11748839679207321,
    "18": 0.211570229925436,
    "11": 0.24681406588461038,
    "10": 0.16734699723984886,
    "19": 0.2242568525063069,
    "24": 0.22719289577486904,
    "17": 0.15830493924534908,
    "8": 0.1558433166716064,
    "16": 0.2049574695383122,
    "21": 0.19990480268593672,
    "31": 0.20884722250916612,
    "32": 0.18860246772526476,
    "29": 0.1014631365014798,
    "22": 0.2093320665823275
  }
}