{
  "5": 0.8571428571428571,
  "13": 0.7932773109243697,
  "23": 0.8804347826086957,
  "28": 0.8268398268398268,
  "34": 0.7883064516129032,
  "41": 0.8134453781512605,
  "39": 0.8588709677419355,
  "36": 0.8021505376344086,
  "40": 0.8695652173913043,
  "25": 0.810752688172043,
  "18": 0.7428571428571429,
  "11": 0.7825311942959001,
  "10": 0.8866995073891626,
  "19": 0.8236559139784946,
  "24": 0.8694581280788177,
  "17": 0.894927536231884,
  "8": 0.8533333333333334,
  "16": 0.8933333333333333,
  "21": 0.7825396825396825,
  "31": 0.7592592592592593,
  "32": 0.8235294117647058,
  "29": 0.8623188405797102,
  "22": 0.8838709677419355
}