{"25": [71.50773053561568, 330.9837106570955], "30": [108.58363516628252, 367.3406322028317], "40": [114.48551829268293, 437.8116107723577], "22": [172.26913297737096, 269.5875921688279], "26": [207.16523042337954, 342.0746846509304], "43": [200.01432936466125, 459.11842798440625], "10": [231.5093023255814, 142.69424141749724], "16": [269.61259338313766, 216.1605122732124], "24": [282.5470050484377, 305.75671987992905], "42": [293.61778385772914, 427.4571819425445], "12": [350.2326030927835, 158.82693298969073], "19": [380.7450397877984, 248.2604774535809], "28": [344.96804629513144, 362.3787897848786], "33": [434.82416132679987, 376.97908028646816], "9": [457.41192957869845, 79.86012087238329], "11": [458.04858814551005, 156.18824726532688], "20": [485.3421745292569, 229.2010528447054], "23": [505.41041756349546, 299.88049935428324], "3": [570.5050920135787, 102.55243880650349], "13": [619.170954883131, 191.5852509512593], "55": [132.11514319340918, 547.4301686936053], "56": [218.68484068869978, 555.0269147041362], "65": [243.0492462311558, 617.0034617532104], "71": [268.0586441893831, 701.8478299856528], "73": [343.6919642857143, 763.7664835164835], "45": [314.2838749233599, 479.65064377682404], "54": [355.51445005611674, 547.46955667789], "66": [362.4943800491746, 652.0818405338953], "72": [428.1896353166987, 730.1911708253359], "64": [444.2275217100868, 594.8283233132933], "44": [407.25887726536024, 447.1205245321939], "32": [518.4627381397087, 425.4392043332088], "53": [522.4961760364954, 536.7991412853885], "62": [563.3232821881254, 601.0697798532354], "67": [609.683426993986, 657.0190279010155], "29": [578.7211315178383, 355.65421152628244], "39": [626.1643313667649, 419.71238938053096]}