{
  "25": 4.997817271220763,
  "30": 4.919732029772849,
  "40": 4.97799865064196,
  "22": 5.044800278857897,
  "26": 5.052006459384112,
  "43": 4.986459972604924,
  "10": 5.148559669043526,
  "16": 5.1653474797172905,
  "24": 4.865728371871676,
  "42": 4.895140643496885,
  "12": 4.965049370045258,
  "19": 5.150401924467148,
  "28": 4.981568946841467,
  "33": 4.9017007368552425,
  "9": 5.279512990611066,
  "11": 5.06200740539639,
  "20": 4.923294021212122,
  "23": 5.078612973162161,
  "3": 5.148243349019385,
  "13": 5.081137419859477,
  "55": 4.911036339274825,
  "56": 5.0643648574438735,
  "65": 5.107297389308724,
  "71": 5.114410115036953,
  "73": 5.056017169957276,
  "45": 5.0695246342417155,
  "54": 4.986121730173169,
  "66": 4.964651609379837,
  "72": 5.093895429766655,
  "64": 4.802296157553459,
  "44": 4.9334402354416556,
  "32": 5.218098492151534,
  "53": 4.885292589675384,
  "62": 4.917979711408843,
  "67": 5.032914464122591,
  "29": 4.911129882766802,
  "39": 4.932523158572374
}