{
  "angleGiniCoeff": {
    "25": 0.13092955444940332,
    "30": 0.11609320310550819,
    "40": 0.13749510588592917,
    "22": 0.10626711250098239,
    "26": 0.09013018925649875,
    "43": 0.09968166969142994,
    "10": 0.0852034086206707,
    "16": 0.08237735551270353,
    "24": 0.08434402546712395,
    "42": 0.05142900238237461,
    "12": 0.10124087421150814,
    "19": 0.04383349753001302,
    "28": 0.12248713761918473,
    "33": 0.13247049857595009,
    "9": 0.09314751348153248,
    "11": 0.15678747319498448,
    "20": 0.1727128684321909,
    "23": 0.08141263801575815,
    "3": 0.10852301677673055,
    "13": 0.10778245961831757,
    "55": 0.21625913427136664,
    "56": 0.09118225475804705,
    "65": 0.09595740199157043,
    "71": 0.1001483689955119,
    "73": 0.11346846671512824,
    "45": 0.05784955831076191,
    "54": 0.06698061951424752,
    "66": 0.06890802554710648,
    "72": 0.16844718679613488,
    "64": 0.08382089153272622,
    "44": 0.10787620810410273,
    "32": 0.11060991199102131,
    "53": 0.09681909421863893,
    "62": 0.08820809748325145,
    "67": 0.11480311474729904,
    "29": 0.1620924442920652,
    "39": 0.12582324936876016
  },
  "lengthGiniCoeff": {
    "25": 0.29524406967110006,
    "30": 0.25164917830248124,
    "40": 0.27183585335745863,
    "22": 0.24763646339159992,
    "26": 0.1872722529299729,
    "43": 0.25347568205785326,
    "10": 0.31039057516061386,
    "16": 0.1473315284879941,
    "24": 0.1513250248706071,
    "42": 0.19571732750813026,
    "12": 0.14174421264920414,
    "19": 0.11206002875393664,
    "28": 0.3237972855376538,
    "33": 0.05648831359814235,
    "9": 0.24362284692503086,
    "11": 0.16009358452136152,
    "20": 0.2773953481305788,
    "23": 0.1901327733014944,
    "3": 0.24138758237085356,
    "13": 0.300099803447518,
    "55": 0.28829246864697156,
    "56": 0.3329995443690592,
    "65": 0.23117746042748424,
    "71": 0.18303669893263322,
    "73": 0.11293631991162421,
    "45": 0.16066606499641606,
    "54": 0.26349626037135804,
    "66": 0.0904034603784338,
    "72": 0.2665157098099246,
    "64": 0.2314235028738067,
    "44": 0.2526066601036536,
    "32": 0.07230813341901213,
    "53": 0.43624705330252983,
    "62": 0.34768292834876574,
    "67": 0.2280021546006337,
    "29": 0.16688792461800964,
    "39": 0.07958583779212737
  }
}