{
  "25": 0.6563265306122449,
  "30": 0.7670731707317073,
  "40": 0.7419056429232193,
  "22": 0.7198581560283688,
  "26": 0.6933333333333334,
  "43": 0.7890070921985816,
  "10": 0.6422077922077922,
  "16": 0.6754208754208754,
  "24": 0.8183831672203765,
  "42": 0.8129032258064516,
  "12": 0.7502312673450509,
  "19": 0.7126269956458636,
  "28": 0.730804810360777,
  "33": 0.7881241565452092,
  "9": 0.5697115384615384,
  "11": 0.6711915535444947,
  "20": 0.8235294117647058,
  "23": 0.7168831168831169,
  "3": 0.6508196721311476,
  "13": 0.6697837521917007,
  "55": 0.7474358974358974,
  "56": 0.6960167714884696,
  "65": 0.6363636363636364,
  "71": 0.7136591478696742,
  "73": 0.6972549019607843,
  "45": 0.7108843537414966,
  "54": 0.7642706131078224,
  "66": 0.7672955974842768,
  "72": 0.6622369878183831,
  "64": 0.8559814169570267,
  "44": 0.8199767711962834,
  "32": 0.655367231638418,
  "53": 0.8372093023255814,
  "62": 0.7727272727272727,
  "67": 0.6580946814728229,
  "29": 0.8285714285714286,
  "39": 0.7192156862745098
}