{"10": [83.03174114021571, 136.9195685670262], "19": [64.89011982817092, 207.2771874293466], "29": [34.5868123293016, 266.9563012095201], "35": [35.28783855549655, 320.9442379182156], "41": [59.232638888888886, 375.71585648148147], "48": [120.98202396804261, 426.47647581003105], "51": [183.19325153374234, 424.10480572597135], "43": [251.18087492989343, 368.752664049355], "47": [264.25596107055964, 418.6408759124088], "31": [289.54218835057156, 292.5160587915079], "26": [326.7467588591184, 227.89174589455487], "16": [338.0892644608427, 174.89097833849084], "15": [266.5824804334738, 167.45815773630343], "23": [250.746699669967, 228.29675467546755], "30": [189.22870082083216, 282.4981602037928], "21": [167.0016913319239, 218.30824524312897], "13": [168.28861464968153, 153.99482484076432], "20": [122.99159663865547, 213.73491214667686], "27": [84.03802197802197, 286.98615384615385], "38": [128.18150684931507, 350.0055650684931], "39": [180.16099916036944, 353.9554995801847], "36": [241.63734439834025, 320.2377593360996], "28": [137.54857142857142, 281.5360544217687]}