{
  "10": 4.898444755559111,
  "19": 4.977237261494968,
  "29": 4.912876101449952,
  "35": 4.986657797540243,
  "41": 4.945296904820815,
  "48": 5.018526316467097,
  "51": 4.939282062483409,
  "43": 4.985851480916158,
  "47": 4.826527160587178,
  "31": 4.898119463844528,
  "26": 5.174776569090668,
  "16": 4.985718332555234,
  "15": 4.826199892883853,
  "23": 4.939201446505516,
  "30": 4.899837803438687,
  "21": 4.854009062203958,
  "13": 4.828979998023425,
  "20": 4.908487744837249,
  "27": 4.944502224247542,
  "38": 4.836073156361001,
  "39": 5.007165380775527,
  "36": 4.870359331356771,
  "28": 4.809498396025718
}