{
  "angleGiniCoeff_ignoringGuardCells": {
    "10": 0.09710797287592894,
    "19": 0.10074662293191969,
    "29": 0.12257021446880609,
    "35": 0.08376960463367825,
    "41": 0.10937230207323141,
    "48": 0.09878796107835609,
    "51": 0.10007744078467948,
    "43": 0.07958772089014869,
    "47": 0.13395408614455348,
    "31": 0.09148573711223348,
    "26": 0.05675271000210443,
    "16": 0.070300219190763,
    "15": 0.06443382542209185,
    "23": 0.0630956207571008,
    "30": 0.08660956029533035,
    "21": 0.06259557883275264,
    "13": 0.0859301128989278,
    "20": 0.0516208487762909,
    "27": 0.07205780037413315,
    "38": 0.1645996552236727,
    "39": 0.052915038663405946,
    "36": 0.05198694132559868,
    "28": 0.023755858408088013
  },
  "lengthGiniCoeff_ignoringGuardCells": {
    "10": 0.13015199382379916,
    "19": 0.11999223898348398,
    "29": 0.1545518006937259,
    "35": 0.17318791122383048,
    "41": 0.24579243083218616,
    "48": 0.22469010418837665,
    "51": 0.21586028544698582,
    "43": 0.1583656017273231,
    "47": 0.05962718833874734,
    "31": 0.12210912397013395,
    "26": 0.2196590977780612,
    "16": 0.24517122851700132,
    "15": 0.16291583050245156,
    "23": 0.23584659153948156,
    "30": 0.22351931023583788,
    "21": 0.17036775149012712,
    "13": 0.17682171471843228,
    "20": 0.21259671670163974,
    "27": 0.20822737442123793,
    "38": 0.21319756414550053,
    "39": 0.20288514578817948,
    "36": 0.08446188722493311,
    "28": 0.21572848038065084
  }
}