{
  "10": 0.8756613756613757,
  "19": 0.8151260504201681,
  "29": 0.8933333333333333,
  "35": 0.8300395256916996,
  "41": 0.7956989247311828,
  "48": 0.8146167557932263,
  "51": 0.8528225806451613,
  "43": 0.8064516129032258,
  "47": 0.8917748917748918,
  "31": 0.8185483870967742,
  "26": 0.746031746031746,
  "16": 0.7859848484848485,
  "15": 0.8968253968253969,
  "23": 0.8193548387096774,
  "30": 0.8891625615763546,
  "21": 0.9021739130434783,
  "13": 0.8433333333333334,
  "20": 0.88,
  "27": 0.7882882882882883,
  "38": 0.7962962962962963,
  "39": 0.8100840336134454,
  "36": 0.8768115942028986,
  "28": 0.8896551724137931
}