{"2": [100.6050882420353, 50.30139812055925], "4": [67.37974377568287, 102.73749093546049], "3": [177.47766897540004, 56.07356102221161], "5": [138.04059040590406, 108.65280107346528], "9": [106.00605042016807, 163.7341176470588], "11": [154.7085959885387, 174.9134670487106], "20": [109.83504123969007, 234.04248937765558], "10": [202.2394699479413, 149.92096545196404], "21": [181.51761645779143, 237.99314258689998], "29": [205.2629008282013, 314.8715226162667], "32": [146.92778603268945, 338.30520059435366], "38": [116.00415060776757, 393.5366142899496], "7": [263.9157894736842, 132.51246537396122], "13": [255.93074416078218, 196.29440521455732], "24": [313.3579961464354, 265.96127167630056], "31": [363.67236555797325, 328.49207336027354], "34": [326.44471505114467, 398.86848514369217], "33": [259.45100040832995, 375.0630869742752], "36": [176.7115169586284, 380.0171449869549], "41": [185.15549493374903, 429.94505066250974], "39": [222.48745724059293, 410.11288483466365], "43": [250.5361344537815, 484.11500600240095], "42": [294.0772431729519, 462.75968790637194], "46": [310.5386154461785, 526.1468587434974], "44": [363.069911715581, 478.21880219518016], "16": [423.26033653846156, 193.53774038461538], "22": [441.96112988894254, 259.2556735876388]}