{
  "2": 4.987104486231382,
  "4": 4.910139229801087,
  "3": 4.798397864189045,
  "5": 4.80329332479781,
  "9": 4.893307108352956,
  "11": 4.900044566988183,
  "20": 4.968400647205129,
  "10": 4.764418706750091,
  "21": 4.93583584615544,
  "29": 5.089477735592936,
  "32": 4.8411731341864535,
  "38": 4.7912281818514915,
  "7": 4.876727812045421,
  "13": 5.004120826863136,
  "24": 4.988790314252233,
  "31": 4.809231079312707,
  "34": 5.094978966039874,
  "33": 5.107009333996231,
  "36": 4.819305933578066,
  "41": 4.900924889131622,
  "39": 4.778270583605617,
  "43": 5.049603521326056,
  "42": 4.884638000395054,
  "46": 4.8561713380926586,
  "44": 4.940552381029963,
  "16": 4.913301042208807,
  "22": 4.914464704196766
}