{
  "angleGiniCoeff": {
    "2": 0.04173075821779491,
    "4": 0.07052202665890853,
    "3": 0.049759763032950884,
    "5": 0.0933754489836276,
    "9": 0.05025733753444069,
    "11": 0.11235842431878304,
    "20": 0.05305400214524705,
    "10": 0.06352261765358118,
    "21": 0.07913316415030262,
    "29": 0.05469430226636381,
    "32": 0.0444167634041634,
    "38": 0.09568680842195175,
    "7": 0.08151447219171756,
    "13": 0.09563721775286611,
    "24": 0.11813758865847926,
    "31": 0.07368383565421441,
    "34": 0.11913300436146267,
    "33": 0.13331067933251378,
    "36": 0.06462532257781224,
    "41": 0.07664751110955463,
    "39": 0.08504887163359129,
    "43": 0.06234108594312191,
    "42": 0.08543243127934697,
    "46": 0.047936770450187974,
    "44": 0.07646910205647839,
    "16": 0.09588054357605402,
    "22": 0.09465583667466915
  },
  "lengthGiniCoeff": {
    "2": 0.14225064208050348,
    "4": 0.16880073269697918,
    "3": 0.11681112232382629,
    "5": 0.21254685533586493,
    "9": 0.183208069757355,
    "11": 0.11413933152802902,
    "20": 0.2074694108957018,
    "10": 0.25361337708903303,
    "21": 0.15063132168362828,
    "29": 0.1566170294871995,
    "32": 0.07321908166115688,
    "38": 0.14639658494148233,
    "7": 0.1842033486200823,
    "13": 0.22194009576025692,
    "24": 0.15280689761754906,
    "31": 0.14005914616803106,
    "34": 0.18630752389518737,
    "33": 0.24053690778161477,
    "36": 0.16184571789772026,
    "41": 0.17563160767417935,
    "39": 0.18214485524529525,
    "43": 0.41033422837289246,
    "42": 0.21681630516443956,
    "46": 0.12354373646746081,
    "44": 0.1537141691709904,
    "16": 0.19024778686322055,
    "22": 0.1963403421485681
  }
}