{
  "angleGiniCoeff_ignoringGuardCells": {
    "2": 0.04173075821779491,
    "4": 0.05252384842474617,
    "3": 0.049759763032950884,
    "5": 0.0933754489836276,
    "9": 0.05025733753444069,
    "11": 0.1222889414848247,
    "20": 0.05305400214524705,
    "10": 0.0716764443060599,
    "21": 0.07913316415030262,
    "29": 0.05469430226636381,
    "32": 0.0444167634041634,
    "38": 0.09568680842195175,
    "7": 0.08151447219171756,
    "13": 0.10343425195982692,
    "24": 0.1163017605077179,
    "31": 0.03370343656419976,
    "34": 0.12041089604621696,
    "33": 0.1478678754327727,
    "36": 0.06462532257781224,
    "41": 0.06043593212861452,
    "39": 0.04932041944183479,
    "43": 0.06234108594312191,
    "42": 0.08990314237794912,
    "46": 0.04534963984673756,
    "44": 0.08067716789581147,
    "16": 0.10348227748356849,
    "22": 0.09465583667466915
  },
  "lengthGiniCoeff_ignoringGuardCells": {
    "2": 0.14225064208050348,
    "4": 0.16880073269697918,
    "3": 0.11681112232382629,
    "5": 0.21254685533586493,
    "9": 0.183208069757355,
    "11": 0.11413933152802902,
    "20": 0.2074694108957018,
    "10": 0.28582790543132386,
    "21": 0.15063132168362828,
    "29": 0.1566170294871995,
    "32": 0.07321908166115688,
    "38": 0.14639658494148233,
    "7": 0.1842033486200823,
    "13": 0.22194009576025692,
    "24": 0.15280689761754906,
    "31": 0.14005914616803106,
    "34": 0.18630752389518737,
    "33": 0.23766534098733325,
    "36": 0.16184571789772026,
    "41": 0.162708325946683,
    "39": 0.20381591550341432,
    "43": 0.41033422837289246,
    "42": 0.16180722428136005,
    "46": 0.10385650002986269,
    "44": 0.1537141691709904,
    "16": 0.19024778686322055,
    "22": 0.1963403421485681
  }
}