{
  "2": 0.8049242424242424,
  "4": 0.8162878787878788,
  "3": 0.8602150537634409,
  "5": 0.8553846153846154,
  "9": 0.8174603174603174,
  "11": 0.8193548387096774,
  "20": 0.8104838709677419,
  "10": 0.857707509881423,
  "21": 0.768270944741533,
  "29": 0.7507936507936508,
  "32": 0.8518518518518519,
  "38": 0.8917378917378918,
  "7": 0.8459770114942529,
  "13": 0.7935483870967742,
  "24": 0.7073170731707317,
  "31": 0.9002849002849003,
  "34": 0.6808080808080809,
  "33": 0.6842105263157895,
  "36": 0.9311594202898551,
  "41": 0.796923076923077,
  "39": 0.8894736842105263,
  "43": 0.7486631016042781,
  "42": 0.7883064516129032,
  "46": 0.855072463768116,
  "44": 0.7992424242424242,
  "16": 0.8669354838709677,
  "22": 0.8333333333333334
}