{"22": [83.25679166295538, 364.61815266767616], "27": [180.4530110652185, 471.8851154964051], "48": [229.05136100504987, 689.1365931764996], "56": [289.2902490249025, 821.1646564656465], "67": [299.4847361535107, 949.4904055822067], "66": [435.9662501745079, 965.6972986178976], "54": [580.7440039973351, 861.3500333111259], "70": [723.0826768088382, 972.6991759485647], "68": [864.6004131782103, 967.5818201587474], "77": [890.3406148867314, 1065.3580097087379], "60": [926.163188277087, 852.2312611012434], "62": [1055.5907840440166, 876.6256304447501], "47": [1093.1272443033777, 716.0094272585153], "28": [992.1959973362308, 535.3653219305316], "36": [1115.8899218539477, 449.53139315548367], "18": [1071.5162886597939, 360.38006872852236], "15": [952.6122709672269, 308.3642569158916], "13": [786.8277905620528, 228.58374050373547], "8": [626.8308316141424, 181.02283559792275], "11": [499.55549040511727, 212.5090618336887], "14": [367.40181345830575, 256.4492893892313], "16": [297.79808308489595, 381.87372878994734], "39": [309.8020845532264, 572.6442206347348], "43": [382.9264264264264, 664.1361902442984], "45": [541.9791284020705, 686.8209634329604], "63": [434.8772141221834, 850.2168936016387], "58": [744.611749043102, 870.7123758806235], "52": [826.7681561322729, 762.1595856006697], "49": [1004.1016327496451, 712.0708707998107], "32": [863.9273582824792, 577.3700095581207], "19": [835.270249106837, 379.6428816130769], "24": [654.3054589707928, 453.480702364395], "17": [614.2531596428418, 319.1752145969029], "29": [487.9967547326815, 519.1948824630747], "42": [687.6979712945073, 660.6937620756279]}