{
  "22": 7.140773590600559,
  "27": 6.973730559329541,
  "48": 7.108353204948231,
  "56": 7.0510554821370475,
  "67": 6.987203617003566,
  "66": 7.152967679746522,
  "54": 7.200607626426169,
  "70": 6.919507401395074,
  "68": 6.937770602741791,
  "77": 7.010295515396089,
  "60": 7.151035116470113,
  "62": 6.9452789179353625,
  "47": 7.088754445522527,
  "28": 7.243225480265278,
  "36": 6.860826150195156,
  "18": 6.938981874855522,
  "15": 7.168463282355886,
  "13": 7.319373113829061,
  "8": 7.156341519789759,
  "11": 7.015626130731286,
  "14": 6.988843332958652,
  "16": 7.2066413473030915,
  "39": 6.924489997676955,
  "43": 7.082407809019186,
  "45": 6.969021608576809,
  "63": 6.980410071838456,
  "58": 7.260761326504589,
  "52": 6.995590937145873,
  "49": 6.933239965797431,
  "32": 7.237315046137825,
  "19": 7.051343655112709,
  "24": 7.15042273077844,
  "17": 6.927457548238628,
  "29": 7.0454741583524525,
  "42": 7.134169129617373
}