{
  "angleGiniCoeff_ignoringGuardCells": {
    "22": 0.06792422475129768,
    "27": 0.1009508116841452,
    "48": 0.09823179381168066,
    "56": 0.07535603249325448,
    "67": 0.04648568947437146,
    "66": 0.0764841612756991,
    "54": 0.10208557106465001,
    "70": 0.13764634349812213,
    "68": 0.08317576805333021,
    "77": 0.04555355647774075,
    "60": 0.09533831137726785,
    "62": 0.06629457022950812,
    "47": 0.10205933705045792,
    "28": 0.09458862593500816,
    "36": 0.16667606746915634,
    "18": 0.07472111537749838,
    "15": 0.10658954158201739,
    "13": 0.12283152672663879,
    "8": 0.16848757205398546,
    "11": 0.04235559730145338,
    "14": 0.06798422780985039,
    "16": 0.10628721300460288,
    "39": 0.10558207467276697,
    "43": 0.09050352495806922,
    "45": 0.1012159565442211,
    "63": 0.14822628340046126,
    "58": 0.1064154966918435,
    "52": 0.1711826942457963,
    "49": 0.11895764442706283,
    "32": 0.1296087472467792,
    "19": 0.10728451887973105,
    "24": 0.08514572029009426,
    "17": 0.11314720025919872,
    "29": 0.07978169880726924,
    "42": 0.08443802934176872
  },
  "lengthGiniCoeff_ignoringGuardCells": {
    "22": 0.06775940965065479,
    "27": 0.3453459914216845,
    "48": 0.2997657322025339,
    "56": 0.20369167021050716,
    "67": 0.1083356678924319,
    "66": 0.2786689136460272,
    "54": 0.2547244353898886,
    "70": 0.37450604884051375,
    "68": 0.30565615512784056,
    "77": 0.10774469821144807,
    "60": 0.32222737081313724,
    "62": 0.1532873542566293,
    "47": 0.2152824740066682,
    "28": 0.4340277720277516,
    "36": 0.10846879454157232,
    "18": 0.045041206817621686,
    "15": 0.12759715370934924,
    "13": 0.21785061255720206,
    "8": 0.15604135748982725,
    "11": 0.10289872584783356,
    "14": 0.2065572529188674,
    "16": 0.3034083626510225,
    "39": 0.39248466776561775,
    "43": 0.35190379632957425,
    "45": 0.30901665602269013,
    "63": 0.34046479161890025,
    "58": 0.3324049560519541,
    "52": 0.12701370484624647,
    "49": 0.17376643997807664,
    "32": 0.4433914598442395,
    "19": 0.2664680102885032,
    "24": 0.37754076140467313,
    "17": 0.2377759133202098,
    "29": 0.25470231654906306,
    "42": 0.20436350270180542
  }
}