{
  "22": 0.8178137651821862,
  "27": 0.8554964539007093,
  "48": 0.786308973172988,
  "56": 0.8585858585858586,
  "67": 0.8770161290322581,
  "66": 0.7819209039548023,
  "54": 0.7455357142857143,
  "70": 0.8346153846153846,
  "68": 0.9147727272727273,
  "77": 0.867595818815331,
  "60": 0.7851851851851852,
  "62": 0.8535353535353535,
  "47": 0.7710437710437711,
  "28": 0.689280868385346,
  "36": 0.8597701149425288,
  "18": 0.8782051282051282,
  "15": 0.7743496672716274,
  "13": 0.7405618964003512,
  "8": 0.7919191919191919,
  "11": 0.8409863945578231,
  "14": 0.8024489795918367,
  "16": 0.6883561643835616,
  "39": 0.8770161290322581,
  "43": 0.7993506493506494,
  "45": 0.8701015965166908,
  "63": 0.9311827956989247,
  "58": 0.7030048916841369,
  "52": 0.8015686274509803,
  "49": 0.875,
  "32": 0.7038461538461539,
  "19": 0.8326530612244898,
  "24": 0.7617220801364024,
  "17": 0.9066666666666666,
  "29": 0.827393431167016,
  "42": 0.8114754098360656
}