{"4": [135.3977346983228, 99.37965584839904], "9": [181.23705501618122, 166.19544613962088], "24": [157.60593314146558, 308.0547930042063], "29": [112.86173184357541, 310.679469273743], "34": [115.68308853529172, 420.4094247246022], "44": [53.42879746835443, 476.52025316455695], "47": [110.11191732629727, 510.00241864555846], "46": [178.19476467019155, 533.9938458871457], "61": [185.42376583660987, 667.5371778069026], "73": [164.48726075825917, 789.0440082896502], "74": [103.26718726075639, 781.5230439442659], "67": [55.79464988198269, 714.4704956726987], "80": [114.82067536267219, 880.8500548579788], "76": [226.21515983089816, 841.5684936586813], "82": [281.02536727024255, 936.0788349846259], "78": [366.0176695319962, 865.7968799745304], "79": [317.39901917075343, 831.0815871600535], "72": [328.2654448714159, 761.5278352547049], "75": [278.2101003561023, 712.1411460019424], "59": [325.9642764015645, 636.7490221642764], "56": [401.25823591923483, 620.2542212776007], "64": [485.1376739562624, 694.1262425447316], "62": [547.8333750939614, 643.3382610874468], "42": [532.2271499520781, 542.2467543783218], "41": [599.1752059473579, 512.8793449869399], "45": [687.0094351815949, 508.77626987204343], "57": [667.6705647461495, 606.1990872789504], "36": [652.2837339437874, 425.7673915808216], "26": [662.0768647281922, 331.17522123893804], "32": [577.12266718507, 379.02332814930014], "22": [581.858614768174, 285.4234688036634], "12": [562.5320010802052, 189.88536321901162], "8": [471.4052730304293, 158.8968320133389], "11": [400.3546798029557, 177.83891625615763], "7": [352.187319006249, 149.172382258802], "6": [280.9834405364719, 136.63322841111264], "15": [210.04699343102578, 209.72612430520465], "14": [250.27228087404862, 236.32285784434077], "30": [231.83357664233577, 320.1182481751825], "33": [219.42544254425442, 421.5178517851785], "52": [275.1499798954564, 551.1184559710495], "63": [259.6415138147202, 648.0287903413049], "51": [410.5783000819896, 516.4629680240503], "48": [466.35850288325537, 548.7065607659667], "38": [537.3575081357508, 416.5736866573687], "28": [506.99601921757034, 347.8521619766644], "20": [508.2804783950617, 255.54706790123456], "25": [448.37564558705384, 328.4805463101113], "21": [389.6326940639269, 316.7026484018265], "18": [311.55297580117724, 301.22858077174624], "37": [284.3656357388316, 413.3123711340206], "35": [334.5456993505465, 431.7250118802471], "39": [424.10301733843727, 447.15852285521277]}