{
  "4": 6.947780105745592,
  "9": 7.135346302404319,
  "24": 7.250642363165107,
  "29": 6.831496214581476,
  "34": 7.109695564374491,
  "44": 6.966091226616038,
  "47": 6.95596074859308,
  "46": 7.186716715617553,
  "61": 7.161005157947181,
  "73": 6.965290012412139,
  "74": 6.982563880939441,
  "67": 7.00784303659824,
  "80": 7.0973008821157775,
  "76": 7.118720550233866,
  "82": 7.359625516718619,
  "78": 7.041597615671176,
  "79": 6.964650522832703,
  "72": 7.162003501628913,
  "75": 7.214230318863259,
  "59": 7.022428472498968,
  "56": 7.161853528843352,
  "64": 7.0795223545424175,
  "62": 7.026421408550375,
  "42": 6.9748492871579275,
  "41": 7.034052096364973,
  "45": 7.1228039469685465,
  "57": 6.928815450748136,
  "36": 7.12931960399807,
  "26": 7.098215156187521,
  "32": 7.064689943488,
  "22": 7.111788851185701,
  "12": 6.962221972603099,
  "8": 7.216928859749275,
  "11": 6.957876197428983,
  "7": 6.972986299569104,
  "6": 7.060656891445055,
  "15": 6.834237725523794,
  "14": 6.980678233077093,
  "30": 7.233853047828473,
  "33": 7.072356318500952,
  "52": 7.31842677210685,
  "63": 6.957815185386224,
  "51": 6.8719779265749255,
  "48": 7.016709184287238,
  "38": 6.920582227991743,
  "28": 7.01238379272452,
  "20": 6.895627550098912,
  "25": 7.008597013875429,
  "21": 7.068527518918917,
  "18": 7.301655556904808,
  "37": 6.893864949252195,
  "35": 7.030330419906703,
  "39": 7.095578387124542
}