{
  "angleGiniCoeff": {
    "4": 0.0842480437975571,
    "9": 0.14205442818688757,
    "24": 0.15435780099690216,
    "29": 0.17915386256080623,
    "34": 0.11190932596453106,
    "44": 0.0693725027836189,
    "47": 0.1314615079846279,
    "46": 0.09144618272368137,
    "61": 0.15526800851246528,
    "73": 0.06619140475576217,
    "74": 0.13955223557650362,
    "67": 0.11982780694845152,
    "80": 0.056423516337839756,
    "76": 0.073604100739147,
    "82": 0.07120546048437519,
    "78": 0.1555808614588501,
    "79": 0.044301076162191234,
    "72": 0.09347572385341198,
    "75": 0.06536410775861555,
    "59": 0.16241432118724547,
    "56": 0.08067932703475925,
    "64": 0.10152262266378281,
    "62": 0.10715370454589887,
    "42": 0.09617789216594587,
    "41": 0.11392630611178187,
    "45": 0.10319947566946133,
    "57": 0.07731451791399711,
    "36": 0.12965514692498764,
    "26": 0.10348089038640323,
    "32": 0.08118205531528407,
    "22": 0.0585258544170333,
    "12": 0.10142572555437974,
    "8": 0.07613920917560621,
    "11": 0.06250331894768688,
    "7": 0.1358996109494881,
    "6": 0.11081113954704923,
    "15": 0.09420945415760021,
    "14": 0.08578165363134978,
    "30": 0.11414251064449586,
    "33": 0.09912960673349633,
    "52": 0.06032876424552686,
    "63": 0.12928840102099376,
    "51": 0.14625529034585874,
    "48": 0.10384318660256459,
    "38": 0.033335918862437745,
    "28": 0.10102467865929016,
    "20": 0.09119085175758665,
    "25": 0.11780569125195013,
    "21": 0.08086250366325645,
    "18": 0.08557503038068721,
    "37": 0.04801721481055151,
    "35": 0.12738651510608212,
    "39": 0.09560666776930568
  },
  "lengthGiniCoeff": {
    "4": 0.08622421582034392,
    "9": 0.20471839206859616,
    "24": 0.14265840146832517,
    "29": 0.26040070784045916,
    "34": 0.13673106960776416,
    "44": 0.1830236034357856,
    "47": 0.15848269413909855,
    "46": 0.17538607536421558,
    "61": 0.26853477692233596,
    "73": 0.2518119442157324,
    "74": 0.33074883960590556,
    "67": 0.16464170575265316,
    "80": 0.16472843996073944,
    "76": 0.33839172424906927,
    "82": 0.1798304361372896,
    "78": 0.15463775494225376,
    "79": 0.08680745783242798,
    "72": 0.1747021487253163,
    "75": 0.30095515779772863,
    "59": 0.1417511007368059,
    "56": 0.26001707175636535,
    "64": 0.19060070752154093,
    "62": 0.26000476829307523,
    "42": 0.4227389026121383,
    "41": 0.34661538734324054,
    "45": 0.3313175529755343,
    "57": 0.17564559034778915,
    "36": 0.13566161257585635,
    "26": 0.2870880117815051,
    "32": 0.22546494526272656,
    "22": 0.16732108675435992,
    "12": 0.29070737641366273,
    "8": 0.2413337523949971,
    "11": 0.19936370894604052,
    "7": 0.1718831731580497,
    "6": 0.35732795563396835,
    "15": 0.057519122214568424,
    "14": 0.353648721419849,
    "30": 0.1696618319539715,
    "33": 0.21282679798140314,
    "52": 0.2352299634859689,
    "63": 0.10883253395477047,
    "51": 0.1618507258060757,
    "48": 0.3083184814305698,
    "38": 0.11093537276460905,
    "28": 0.29566107813936254,
    "20": 0.14876637628932413,
    "25": 0.4076346646320522,
    "21": 0.36120512327267656,
    "18": 0.2866314095530591,
    "37": 0.09295509394212234,
    "35": 0.11369629714566233,
    "39": 0.19700261715385295
  }
}