{
  "4": 0.9209486166007905,
  "9": 0.7476190476190476,
  "24": 0.7402402402402403,
  "29": 0.9848484848484849,
  "34": 0.8591800356506238,
  "44": 0.934640522875817,
  "47": 0.9307359307359307,
  "46": 0.7732793522267206,
  "61": 0.7375145180023229,
  "73": 0.8286290322580645,
  "74": 0.8768472906403941,
  "67": 0.8666666666666667,
  "80": 0.8257575757575758,
  "76": 0.7610993657505285,
  "82": 0.7557354925775979,
  "78": 0.8386243386243386,
  "79": 0.925,
  "72": 0.8,
  "75": 0.8315789473684211,
  "59": 0.8257575757575758,
  "56": 0.7714285714285715,
  "64": 0.8301075268817204,
  "62": 0.8744588744588745,
  "42": 0.7536997885835095,
  "41": 0.7426829268292683,
  "45": 0.8172043010752689,
  "57": 0.9263157894736842,
  "36": 0.7840909090909091,
  "26": 0.8326612903225806,
  "32": 0.8646153846153846,
  "22": 0.8465909090909091,
  "12": 0.9236453201970444,
  "8": 0.7516869095816464,
  "11": 0.919047619047619,
  "7": 0.8114942528735632,
  "6": 0.8387096774193549,
  "15": 0.989010989010989,
  "14": 0.8369565217391305,
  "30": 0.8492063492063492,
  "33": 0.8111111111111111,
  "52": 0.7468060394889663,
  "63": 0.9047619047619048,
  "51": 0.9157894736842105,
  "48": 0.7571428571428571,
  "38": 0.9523809523809523,
  "28": 0.8185483870967742,
  "20": 0.9666666666666667,
  "25": 0.8138138138138138,
  "21": 0.75,
  "18": 0.7375415282392026,
  "37": 0.934640522875817,
  "35": 0.8298850574712644,
  "39": 0.8352272727272727
}