{"2": [181.7254422280768, 98.0557960105382], "4": [120.69209338072821, 176.98981650494764], "3": [292.11560693641616, 128.829035126723], "5": [222.9648677531392, 204.83248730964468], "12": [163.77560548584768, 286.3565800992121], "15": [232.92815320809953, 311.71895584288853], "28": [148.60325142715314, 387.4101514023331], "16": [311.5391435986159, 280.31401384083046], "29": [254.379624606705, 408.3314527503526], "39": [272.59577677224735, 518.7697631088635], "43": [179.0435398686075, 539.1711967023058], "51": [127.39244608336126, 619.420605654263], "9": [405.07111014461236, 261.8554963575079], "19": [377.2448562146553, 358.9170978221634], "32": [447.1878189575839, 476.14891658997743], "48": [511.1715371822286, 579.7980517937752], "53": [446.8892823733797, 686.097888547374], "50": [347.313158582252, 629.4359487938692], "52": [219.10771200910642, 611.4537564029596], "58": [227.19506951411782, 698.9833739429554], "56": [285.74578104716574, 673.8225876244051], "63": [315.6674954417371, 806.2848499917122], "61": [390.8335951215005, 778.236995287813], "66": [399.82879605726356, 896.5813189392162], "65": [495.7484079372404, 826.3728657129673], "27": [637.6171141672124, 384.9767518009168], "34": [655.5733659987751, 497.2800769971126]}