{
  "2": 5.1906853732468115,
  "4": 5.0506870008562466,
  "3": 5.021386612107432,
  "5": 4.830532385523092,
  "12": 4.893579582603775,
  "15": 4.876377924925003,
  "28": 5.005019124998663,
  "16": 4.884091703908072,
  "29": 4.959128314149293,
  "39": 5.183369770965924,
  "43": 4.8403690058474735,
  "51": 4.861494252576448,
  "9": 4.974194300257878,
  "19": 5.0302715796889785,
  "32": 5.183510785401471,
  "48": 4.930094403612002,
  "53": 5.201233042167223,
  "50": 5.287680180068306,
  "52": 4.872319162424636,
  "58": 5.019338256921787,
  "56": 4.859577531735156,
  "63": 5.124374853339805,
  "61": 4.948377450661134,
  "66": 5.000457697538414,
  "65": 5.0932090386764095,
  "27": 4.9189304478922224,
  "34": 4.945148244065615
}