{
  "angleGiniCoeff_ignoringGuardCells": {
    "2": 0.0757189494378751,
    "4": 0.08280441196685966,
    "3": 0.10799024167403827,
    "5": 0.06192102459464658,
    "12": 0.1249135479148579,
    "15": 0.07285235353746697,
    "28": 0.08523464855945789,
    "16": 0.16210707407217761,
    "29": 0.16851658058832475,
    "39": 0.08228454509435494,
    "43": 0.0299188842446356,
    "51": 0.0907688474084444,
    "9": 0.09860673725042807,
    "19": 0.09440871123157227,
    "32": 0.11245397937891086,
    "48": 0.10222365360034068,
    "53": 0.12991582547257985,
    "50": 0.14672513158034273,
    "52": 0.0817967704908874,
    "58": 0.050804502779392385,
    "56": 0.1603083702529373,
    "63": 0.08362688798922263,
    "61": 0.08751403269627679,
    "66": 0.1790370586579355,
    "65": 0.08198328464285165,
    "27": 0.09900987898697106,
    "34": 0.08376792553859765
  },
  "lengthGiniCoeff_ignoringGuardCells": {
    "2": 0.1387613356230119,
    "4": 0.21890686705876483,
    "3": 0.16729123662836276,
    "5": 0.18699687417667377,
    "12": 0.1870172079105987,
    "15": 0.12870196131876585,
    "28": 0.2181131566084955,
    "16": 0.27513193616456605,
    "29": 0.21838632817551074,
    "39": 0.30666687953657945,
    "43": 0.05243207736773892,
    "51": 0.15998554701055603,
    "9": 0.24807724883618437,
    "19": 0.22411315088223474,
    "32": 0.34840794828763144,
    "48": 0.15781513784267526,
    "53": 0.20206511255495035,
    "50": 0.22464226114419833,
    "52": 0.1195627303800608,
    "58": 0.3081718780290554,
    "56": 0.37202814298332826,
    "63": 0.41152945267583,
    "61": 0.22378864203876753,
    "66": 0.17643750873779793,
    "65": 0.2683773273493116,
    "27": 0.17692913851404762,
    "34": 0.2625721908537158
  }
}