{
  "2": 0.6756282875511397,
  "4": 0.7246753246753247,
  "3": 0.7608163265306123,
  "5": 0.8338870431893688,
  "12": 0.7862679955703211,
  "15": 0.7969858156028369,
  "28": 0.8164251207729468,
  "16": 0.8095238095238095,
  "29": 0.7191582002902758,
  "39": 0.7011278195488722,
  "43": 0.832779623477298,
  "51": 0.8173913043478261,
  "9": 0.7738095238095238,
  "19": 0.7517006802721088,
  "32": 0.6104006820119352,
  "48": 0.7648979591836734,
  "53": 0.5841441441441442,
  "50": 0.5846153846153846,
  "52": 0.8628205128205129,
  "58": 0.7140096618357488,
  "56": 0.8314393939393939,
  "63": 0.6754098360655738,
  "61": 0.719903206291591,
  "66": 0.7576530612244898,
  "65": 0.7011494252873564,
  "27": 0.8049645390070922,
  "34": 0.7597402597402597
}