{"5": [116.99270244821092, 77.109934086629], "9": [164.1796494644596, 140.70009737098346], "24": [145.63192264222027, 274.8750470928042], "29": [101.93576017130621, 276.23625981441825], "33": [108.05165151851031, 379.7120372422966], "42": [49.09566108643662, 431.9043389135634], "46": [103.53451628585319, 464.4965969859018], "45": [170.29669314612968, 488.65241086273784], "72": [181.14681335356602, 616.9974393019727], "70": [163.47801248837519, 732.957619237412], "71": [105.11585880763384, 724.8304340483027], "64": [57.72135866436385, 659.7979274611399], "77": [118.77242502374813, 819.6310218482834], "73": [224.85785030037343, 782.2937165124208], "79": [279.03789629355765, 873.3278491542657], "75": [358.2603682670797, 805.5308896919635], "76": [310.713587487781, 772.6075268817204], "69": [320.5509368942494, 706.1066121042429], "65": [270.82396870554766, 658.4495021337127], "56": [315.78536102868446, 587.5923413875936], "55": [387.9793760605665, 571.1588565461428], "61": [468.885710448563, 641.4629331184528], "59": [528.8751677852349, 591.7285906040269], "41": [512.7871186440678, 495.74537530266343], "40": [576.6376732511186, 466.267925351959], "44": [661.9381006218202, 460.5852176370831], "54": [644.0622890457196, 554.1512733967475], "35": [627.787804211102, 382.85849056603774], "26": [635.6813940724479, 293.8560647639956], "31": [553.8481174218251, 339.755796639013], "21": [557.1162056334471, 251.47379057723884], "12": [536.8638790035587, 161.84786476868328], "7": [447.6791437857223, 133.91258545332286], "11": [378.5558482613277, 152.25237091675447], "8": [330.66042426251244, 125.84935366257872], "6": [260.868700265252, 112.92676097848512], "15": [194.26507276507277, 182.8352390852391], "14": [234.2111173498035, 206.44357102751263], "27": [217.43439173680184, 287.1914690130069], "32": [208.1470954591779, 382.0288755520326], "50": [264.5742989429545, 505.1967327684109], "60": [251.8926511161274, 597.3787308753449], "49": [393.8940416788964, 471.96096272380396], "47": [449.3742086752638, 502.6900351699883], "37": [515.791729702471, 376.5668179525971], "28": [485.2222875624816, 312.16362834460455], "20": [485.02006552006554, 223.95045045045046], "25": [427.6589367213519, 294.9908720858517], "23": [370.9072780645814, 283.78277153558054], "19": [294.72837728377283, 269.10008100081], "36": [270.79398663697106, 374.60207869339274], "34": [319.252792576044, 391.7427393022856], "38": [406.5825422266058, 407.120207126125]}