{
  "5": 6.9780109875360665,
  "9": 7.171573771672753,
  "24": 7.198910835302966,
  "29": 6.846849537249838,
  "33": 7.073290098445979,
  "42": 6.950735595401815,
  "46": 6.92689541806098,
  "45": 7.257437194084982,
  "72": 7.241711537497735,
  "70": 6.942528012545479,
  "71": 6.987685844926166,
  "64": 7.00999733209566,
  "77": 7.063123910345216,
  "73": 7.207919662453,
  "79": 7.332137631471426,
  "75": 7.038265438487179,
  "76": 7.14187761450001,
  "69": 7.203837882322077,
  "65": 6.955558131650796,
  "56": 7.0531968987186815,
  "55": 7.165217981184507,
  "61": 7.070525031586745,
  "59": 6.954938110115959,
  "41": 6.969547758773819,
  "40": 7.050670365935556,
  "44": 7.124610535476827,
  "54": 6.903068239594165,
  "35": 7.255298095079707,
  "26": 7.048627316097064,
  "31": 7.0139108718514125,
  "21": 7.143300595642617,
  "12": 6.972973967324587,
  "7": 7.231532511308418,
  "11": 6.93021331680584,
  "8": 6.972052933957227,
  "6": 7.090367337703385,
  "15": 6.847030490490441,
  "14": 6.937798314111274,
  "27": 7.08543318294773,
  "32": 7.064256889762278,
  "50": 7.355681020210676,
  "60": 7.023351572111096,
  "49": 6.88885121871944,
  "47": 7.014992349839955,
  "37": 6.9548195504435775,
  "28": 7.040730429579655,
  "20": 6.873275114868195,
  "25": 6.9722715790104886,
  "23": 7.092071140784101,
  "19": 7.321265478114151,
  "36": 6.894839223215436,
  "34": 6.994296584919871,
  "38": 7.064492854118804
}