{
  "angleGiniCoeff_ignoringGuardCells": {
    "5": 0.055068600619682134,
    "9": 0.1394821074461877,
    "24": 0.10140804442871294,
    "29": 0.20542118537485038,
    "33": 0.08580719795645116,
    "42": 0.06606023771104806,
    "46": 0.08547032580458637,
    "45": 0.08480889997304904,
    "72": 0.13968285408796507,
    "70": 0.06264071235775685,
    "71": 0.1401448251835808,
    "64": 0.14142489321234808,
    "77": 0.05830010162374577,
    "73": 0.0999776244954325,
    "79": 0.051711654311341934,
    "75": 0.10223813216671185,
    "76": 0.01840860726511008,
    "69": 0.06597044017209251,
    "65": 0.05072080978437268,
    "56": 0.16390942266401726,
    "55": 0.04243550994705668,
    "61": 0.10590614932394772,
    "59": 0.11711642328049585,
    "41": 0.09534601311815576,
    "40": 0.10565173875573294,
    "44": 0.08569719310942378,
    "54": 0.09058985779562155,
    "35": 0.11741159125844881,
    "26": 0.09246491807390216,
    "31": 0.08631666203654273,
    "21": 0.0558723889398067,
    "12": 0.1521332614765373,
    "7": 0.06527623442845434,
    "11": 0.06340190440224276,
    "8": 0.13775892370199766,
    "6": 0.12291423934515543,
    "15": 0.0,
    "14": 0.08351105257759942,
    "27": 0.1060352027490486,
    "32": 0.09273448040839023,
    "50": 0.0534272877248172,
    "60": 0.031010889789188936,
    "49": 0.1370136580981416,
    "47": 0.1097806694851398,
    "37": 0.03184977573458848,
    "28": 0.09206349984883672,
    "20": 0.07664837532873982,
    "25": 0.12085115336098974,
    "23": 0.07886246557335157,
    "19": 0.08254010005177002,
    "36": 0.05186250147693048,
    "34": 0.12842294651324052,
    "38": 0.10547663708680491
  },
  "lengthGiniCoeff_ignoringGuardCells": {
    "5": 0.158482098981469,
    "9": 0.19282099281319162,
    "24": 0.14543228416614126,
    "29": 0.27324041384695136,
    "33": 0.20367045102417478,
    "42": 0.1612097627337231,
    "46": 0.15126072000532945,
    "45": 0.16759148231789495,
    "72": 0.32660572383272585,
    "70": 0.2574615042167908,
    "71": 0.34627246000554895,
    "64": 0.1692406567324726,
    "77": 0.178465033100073,
    "73": 0.2619197141683904,
    "79": 0.17655797460786363,
    "75": 0.10846196349537034,
    "76": 0.03284050531248526,
    "69": 0.25084757406191943,
    "65": 0.19789050062757038,
    "56": 0.13851930234849263,
    "55": 0.3344518382414644,
    "61": 0.18185489277879177,
    "59": 0.253470276288936,
    "41": 0.4198922837735148,
    "40": 0.33998024362162454,
    "44": 0.3392020761457537,
    "54": 0.18474248459365863,
    "35": 0.13107937019447743,
    "26": 0.19691414261694037,
    "31": 0.23827999444472214,
    "21": 0.16724953127358738,
    "12": 0.22465640261584022,
    "7": 0.2364888733864485,
    "11": 0.19593155920770772,
    "8": 0.17982524276781464,
    "6": 0.36384417818062675,
    "15": 0.058950960514667895,
    "14": 0.3662489070104067,
    "27": 0.16743433133270116,
    "32": 0.21999619283624122,
    "50": 0.31976788427289016,
    "60": 0.11193348509423168,
    "49": 0.15838820086893912,
    "47": 0.30150031536181693,
    "37": 0.10174131747128079,
    "28": 0.2850418214605124,
    "20": 0.05700662059521767,
    "25": 0.4035075300516573,
    "23": 0.3616018518381334,
    "19": 0.28551131640166766,
    "36": 0.1002659005065967,
    "34": 0.12007840790253503,
    "38": 0.19880373268720752
  }
}