{
  "angleGiniCoeff": {
    "5": 0.05507866775905884,
    "9": 0.1394821074461877,
    "24": 0.15352837284091608,
    "29": 0.2072746520225929,
    "33": 0.0917331163402706,
    "42": 0.05860987893302328,
    "46": 0.14345361873680498,
    "45": 0.08480889997304904,
    "72": 0.13968285408796507,
    "70": 0.06264071235775685,
    "71": 0.1401448251835808,
    "64": 0.1287679109410084,
    "77": 0.05830010162374577,
    "73": 0.09384518459132486,
    "79": 0.06401058044067406,
    "75": 0.14696267510131186,
    "76": 0.01840860726511008,
    "69": 0.06606506971503412,
    "65": 0.05072080978437268,
    "56": 0.16462438158695564,
    "55": 0.041502584905392256,
    "61": 0.10590614932394772,
    "59": 0.11711642328049585,
    "41": 0.09534601311815576,
    "40": 0.10565173875573294,
    "44": 0.08569719310942378,
    "54": 0.09058985779562155,
    "35": 0.11741159125844881,
    "26": 0.09246491807390216,
    "31": 0.08631666203654273,
    "21": 0.0558723889398067,
    "12": 0.14675209273005715,
    "7": 0.06527623442845434,
    "11": 0.06340190440224276,
    "8": 0.13775892370199766,
    "6": 0.10493856023580557,
    "15": 0.08488192034745097,
    "14": 0.08351105257759942,
    "27": 0.1060352027490486,
    "32": 0.09273448040839023,
    "50": 0.053256606561942546,
    "60": 0.12911808275791936,
    "49": 0.1370136580981416,
    "47": 0.1097806694851398,
    "37": 0.03184977573458848,
    "28": 0.10938279004207845,
    "20": 0.10019433258416113,
    "25": 0.11526686542389374,
    "23": 0.07886246557335157,
    "19": 0.08254010005177002,
    "36": 0.059927571870879,
    "34": 0.12842294651324052,
    "38": 0.09965049972678625
  },
  "lengthGiniCoeff": {
    "5": 0.13060130925222752,
    "9": 0.19282099281319162,
    "24": 0.14543228416614126,
    "29": 0.27324041384695136,
    "33": 0.20367045102417478,
    "42": 0.1612097627337231,
    "46": 0.15126072000532945,
    "45": 0.16759148231789495,
    "72": 0.32660572383272585,
    "70": 0.2574615042167908,
    "71": 0.34627246000554895,
    "64": 0.1692406567324726,
    "77": 0.178465033100073,
    "73": 0.2619197141683904,
    "79": 0.17655797460786363,
    "75": 0.10846196349537034,
    "76": 0.03284050531248526,
    "69": 0.25084757406191943,
    "65": 0.19789050062757038,
    "56": 0.13851930234849263,
    "55": 0.3344518382414644,
    "61": 0.18185489277879177,
    "59": 0.253470276288936,
    "41": 0.4198922837735148,
    "40": 0.33998024362162454,
    "44": 0.3392020761457537,
    "54": 0.18474248459365863,
    "35": 0.13107937019447743,
    "26": 0.19691414261694037,
    "31": 0.23827999444472214,
    "21": 0.16724953127358738,
    "12": 0.22465640261584022,
    "7": 0.2364888733864485,
    "11": 0.19593155920770772,
    "8": 0.17982524276781464,
    "6": 0.37683010855616156,
    "15": 0.05195061641762833,
    "14": 0.3662489070104067,
    "27": 0.16743433133270116,
    "32": 0.21999619283624122,
    "50": 0.30451073383537713,
    "60": 0.12451804267071108,
    "49": 0.15838820086893912,
    "47": 0.30150031536181693,
    "37": 0.10174131747128079,
    "28": 0.27966206753989525,
    "20": 0.14120636953034815,
    "25": 0.4035075300516573,
    "23": 0.3616018518381334,
    "19": 0.28551131640166766,
    "36": 0.1002659005065967,
    "34": 0.12007840790253503,
    "38": 0.19880373268720752
  }
}