{
  "5": 0.9393939393939394,
  "9": 0.7563025210084033,
  "24": 0.7294117647058823,
  "29": 0.9848484848484849,
  "33": 0.8617424242424242,
  "42": 0.9338235294117647,
  "46": 0.9619047619047619,
  "45": 0.7695590327169275,
  "72": 0.718931475029036,
  "70": 0.8258064516129032,
  "71": 0.873015873015873,
  "64": 0.8857142857142857,
  "77": 0.821505376344086,
  "73": 0.7508305647840532,
  "79": 0.7747747747747747,
  "75": 0.8461538461538461,
  "76": 0.9083333333333333,
  "69": 0.7949579831932773,
  "65": 0.8954248366013072,
  "56": 0.8346774193548387,
  "55": 0.7664884135472371,
  "61": 0.8390804597701149,
  "59": 0.9047619047619048,
  "41": 0.7560975609756098,
  "40": 0.7395411605937922,
  "44": 0.8160919540229885,
  "54": 0.9181286549707602,
  "35": 0.7741935483870968,
  "26": 0.8298850574712644,
  "31": 0.8659420289855072,
  "21": 0.8387096774193549,
  "12": 0.9312169312169312,
  "7": 0.7642642642642643,
  "11": 0.9210526315789473,
  "8": 0.8306878306878307,
  "6": 0.8275862068965517,
  "15": 1.0,
  "14": 0.861904761904762,
  "27": 0.8861538461538462,
  "32": 0.8092691622103387,
  "50": 0.7551282051282051,
  "60": 0.9134199134199135,
  "49": 0.9181286549707602,
  "47": 0.7807486631016043,
  "37": 0.9230769230769231,
  "28": 0.8137931034482758,
  "20": 0.9523809523809523,
  "25": 0.8168067226890756,
  "23": 0.7692307692307693,
  "19": 0.7448717948717949,
  "36": 0.9477124183006536,
  "34": 0.8325123152709359,
  "38": 0.8266129032258065
}