{"13": [57.84149459193707, 236.56656833824977], "19": [104.27428494333513, 312.34106853750677], "32": [124.34352385172058, 455.45783488406437], "42": [148.32268786127167, 540.9124277456648], "47": [135.3398966281073, 625.4752645828206], "46": [231.95370509544566, 628.1613557793477], "36": [337.90221611129084, 555.4492882562278], "50": [435.8048699132755, 627.2961974649767], "48": [545.7438738546772, 624.9627104197741], "54": [563.9206777050442, 693.1707097933513], "41": [584.038624078624, 546.9518427518427], "43": [683.0014237213887, 562.3556017960793], "31": [713.6234858072681, 459.0984451274634], "20": [635.301680873098, 346.11017286704373], "18": [728.0090771558245, 296.8647503782148], "16": [687.6638747768776, 242.46217218179322], "10": [595.9956109550562, 207.05749648876406], "7": [478.8130547482523, 155.01775194407352], "5": [371.64683612763656, 120.23057508563187], "6": [300.6277832236381, 133.40932642487047], "8": [220.30142006413192, 158.03504351809437], "9": [171.88265989704533, 245.37973344616034], "26": [183.37215619694396, 379.33480475382004], "29": [221.53821932681868, 437.09229098805645], "30": [319.83631981557164, 448.27119354500684], "44": [239.48806010195867, 552.6694392272606], "38": [453.52276379217994, 557.2996250669523], "35": [513.4421681105127, 484.11449309295244], "34": [638.1135932560591, 456.42486828240254], "23": [540.2313092313092, 370.241575991576], "15": [514.847050100625, 252.15083147971612], "17": [395.02083642295713, 297.16009194720453], "11": [370.90600022514917, 211.20466058763932], "21": [288.6067679135664, 340.697890123331], "28": [416.9998275862069, 424.2226724137931]}