{
  "13": 6.90309710583859,
  "19": 6.955932338220794,
  "32": 6.956455664991081,
  "42": 6.988405409725784,
  "47": 6.9709851642953256,
  "46": 7.0909498484602835,
  "36": 7.130578179792608,
  "50": 6.925041382799846,
  "48": 6.869802026804986,
  "54": 6.941404153236766,
  "41": 7.0453731465380365,
  "43": 6.932483906240632,
  "31": 7.045883809912214,
  "20": 7.181761892852239,
  "18": 6.939651224713207,
  "16": 6.951437824266886,
  "10": 7.037256750180594,
  "7": 7.220679123475365,
  "5": 7.107009420338072,
  "6": 6.96443194571507,
  "8": 6.978835850944735,
  "9": 7.1509867492827714,
  "26": 6.9207171288002165,
  "29": 7.175621706026221,
  "30": 7.008591125795821,
  "44": 6.95387370331796,
  "38": 7.215801908098209,
  "35": 6.983178695885716,
  "34": 6.906588006926951,
  "23": 7.1308109980668934,
  "15": 7.0065337732372335,
  "17": 7.13462772026957,
  "11": 6.957968842808529,
  "21": 7.030546142753961,
  "28": 7.021131293007837
}