{
  "angleGiniCoeff_ignoringGuardCells": {
    "13": 0.06658982210842404,
    "19": 0.11065640889018033,
    "32": 0.047036098449310344,
    "42": 0.07739880293634592,
    "47": 0.056816260657228515,
    "46": 0.04406339125897595,
    "36": 0.12307809841397718,
    "50": 0.08164684712160876,
    "48": 0.09984365687020845,
    "54": 0.0459549852957911,
    "41": 0.08683047256745981,
    "43": 0.07711897240384157,
    "31": 0.10499419763624586,
    "20": 0.07159174802506463,
    "18": 0.1302731313671783,
    "16": 0.016147730739016583,
    "10": 0.09231896736686121,
    "7": 0.06814453602197168,
    "5": 0.10490515432903087,
    "6": 0.08686910557736297,
    "8": 0.02602385864048042,
    "9": 0.08718657958328017,
    "26": 0.08174478971742222,
    "29": 0.08853610444520821,
    "30": 0.07811305890943074,
    "44": 0.09901617076529495,
    "38": 0.10109803733544448,
    "35": 0.19301352195040927,
    "34": 0.08569169779114222,
    "23": 0.13769908090057262,
    "15": 0.07979993650635933,
    "17": 0.05157518215136414,
    "11": 0.14692432306173644,
    "21": 0.1019515216685375,
    "28": 0.09217332751860652
  },
  "lengthGiniCoeff_ignoringGuardCells": {
    "13": 0.13759596542880384,
    "19": 0.18831823751232782,
    "32": 0.1529176962062905,
    "42": 0.2347205654422898,
    "47": 0.09597274608146111,
    "46": 0.1709749437811848,
    "36": 0.2658877797971161,
    "50": 0.33839616504613607,
    "48": 0.28519017921251316,
    "54": 0.13659619058226377,
    "41": 0.27909529629868923,
    "43": 0.17388870638966475,
    "31": 0.2597964306694147,
    "20": 0.31243900293907806,
    "18": 0.1739919882227052,
    "16": 0.08342467015522695,
    "10": 0.2835187526747146,
    "7": 0.1508213628478832,
    "5": 0.12974739974911806,
    "6": 0.11937187277708525,
    "8": 0.18419595032197983,
    "9": 0.28790047408616104,
    "26": 0.09969588955914774,
    "29": 0.2690431104284317,
    "30": 0.23069122194100175,
    "44": 0.22278684731706955,
    "38": 0.37280123191023173,
    "35": 0.12937020472649874,
    "34": 0.12785806756600943,
    "23": 0.32262203956546426,
    "15": 0.12863582616796454,
    "17": 0.341931904018201,
    "11": 0.18688196600580323,
    "21": 0.1814742484378333,
    "28": 0.18810632998275711
  }
}