{
  "angleGiniCoeff": {
    "13": 0.05824993953158955,
    "19": 0.11065640889018033,
    "32": 0.05024854033630001,
    "42": 0.07180918753790491,
    "47": 0.05003143071496627,
    "46": 0.05022973080042825,
    "36": 0.1044547770533169,
    "50": 0.08164684712160876,
    "48": 0.09984365687020845,
    "54": 0.06184522205848411,
    "41": 0.0835934793169596,
    "43": 0.07411567114026417,
    "31": 0.10499419763624586,
    "20": 0.0719038040927481,
    "18": 0.1302731313671783,
    "16": 0.016147730739016583,
    "10": 0.09231896736686121,
    "7": 0.09490844282792292,
    "5": 0.10516223906536286,
    "6": 0.08816920493825171,
    "8": 0.04522374175535016,
    "9": 0.06923282132535019,
    "26": 0.09604604281132328,
    "29": 0.09214902568387229,
    "30": 0.0712232087979293,
    "44": 0.09901617076529495,
    "38": 0.10109803733544448,
    "35": 0.1893093172144857,
    "34": 0.08569169779114222,
    "23": 0.12782683542078552,
    "15": 0.11110515367575953,
    "17": 0.06851182487955897,
    "11": 0.13975483388944637,
    "21": 0.1019515216685375,
    "28": 0.09217332751860652
  },
  "lengthGiniCoeff": {
    "13": 0.13759596542880384,
    "19": 0.18831823751232782,
    "32": 0.1529176962062905,
    "42": 0.2347205654422898,
    "47": 0.09597274608146111,
    "46": 0.1709749437811848,
    "36": 0.2658877797971161,
    "50": 0.33839616504613607,
    "48": 0.28519017921251316,
    "54": 0.14713029901185493,
    "41": 0.27909529629868923,
    "43": 0.17388870638966475,
    "31": 0.2597964306694147,
    "20": 0.31243900293907806,
    "18": 0.1739919882227052,
    "16": 0.08342467015522695,
    "10": 0.2835187526747146,
    "7": 0.1508213628478832,
    "5": 0.12974739974911806,
    "6": 0.116965109743474,
    "8": 0.18419595032197983,
    "9": 0.33322938877938574,
    "26": 0.09969588955914774,
    "29": 0.2690431104284317,
    "30": 0.23069122194100175,
    "44": 0.22278684731706955,
    "38": 0.37280123191023173,
    "35": 0.12937020472649874,
    "34": 0.12785806756600943,
    "23": 0.32262203956546426,
    "15": 0.12863582616796454,
    "17": 0.33540299599349643,
    "11": 0.18688196600580323,
    "21": 0.1814742484378333,
    "28": 0.18810632998275711
  }
}