{
  "13": 0.8866666666666667,
  "19": 0.9285714285714286,
  "32": 0.8768472906403941,
  "42": 0.9287749287749287,
  "47": 0.9263157894736842,
  "46": 0.8384615384615385,
  "36": 0.7853658536585366,
  "50": 0.8301075268817204,
  "48": 0.927536231884058,
  "54": 0.8924731182795699,
  "41": 0.8318318318318318,
  "43": 0.8768939393939394,
  "31": 0.815114709851552,
  "20": 0.7711962833914053,
  "18": 0.9649122807017544,
  "16": 0.9126984126984127,
  "10": 0.8364153627311522,
  "7": 0.775842044134727,
  "5": 0.8359788359788359,
  "6": 0.8731182795698925,
  "8": 0.8729838709677419,
  "9": 0.7548566142460684,
  "26": 0.9215686274509803,
  "29": 0.8151260504201681,
  "30": 0.8920454545454546,
  "44": 0.9666666666666667,
  "38": 0.7510668563300142,
  "35": 0.8484848484848485,
  "34": 0.9288537549407114,
  "23": 0.7451219512195122,
  "15": 0.8882575757575758,
  "17": 0.8161683277962348,
  "11": 0.9471264367816092,
  "21": 0.8554621848739495,
  "28": 0.8948948948948949
}