{"6": [57.42689655172414, 57.455862068965516], "16": [45.45720011451474, 112.48554251359863], "27": [42.207019328585965, 194.83672431332656], "10": [112.65672802696396, 86.208452164895], "22": [85.23666448944046, 166.35858915741346], "38": [83.64734534827082, 249.02532878714078], "5": [180.4768568353068, 66.78815931108718], "24": [155.2787023977433, 155.31227080394922], "30": [151.22802457466918, 213.8797258979206], "40": [125.14744447417715, 278.44607974310946], "3": [206.78058252427184, 33.62621359223301], "21": [188.8732718894009, 127.59331797235023], "41": [183.84674922600618, 275.89009287925694], "9": [257.0712506228201, 65.58594917787742], "19": [238.8706976744186, 121.26976744186047], "25": [242.1302039675887, 167.5554624196703], "31": [205.68368136117556, 217.61639597834494], "50": [190.76618705035972, 311.1543165467626], "13": [303.1716986886246, 93.935956084172], "23": [308.4075649059982, 159.2927484333035], "32": [266.7515200648561, 236.1426834211593], "46": [270.83403582718654, 319.83693361433086], "14": [356.2677224736048, 87.94343891402715], "20": [381.62268346923645, 128.05510254509514], "29": [369.05699254712846, 179.32310390179745], "48": [333.90999048525214, 240.6801141769743], "44": [296.93798449612405, 288.13759689922483], "49": [346.0694807620471, 304.28838251774374], "52": [349.51166840822015, 345.02507836990594], "7": [439.63344860106884, 57.69663627790003], "11": [404.55273631840794, 85.53532338308457], "15": [462.1093373493976, 106.63734939759036], "26": [435.4766757246377, 185.68455615942028], "36": [383.325, 227.13125], "39": [446.10577864838393, 266.90817825661117]}