{
  "6": 4.7706053059840405,
  "16": 4.954775066277233,
  "27": 5.0441663387177815,
  "10": 4.92549731209406,
  "22": 5.016929111528866,
  "38": 4.850201116301536,
  "5": 5.07908199783572,
  "24": 4.926713563348528,
  "30": 4.963677135229286,
  "40": 4.942186467081301,
  "3": 4.784887138485776,
  "21": 4.784476812592671,
  "41": 4.839493436869554,
  "9": 4.89839628062905,
  "19": 4.853470941033773,
  "25": 4.857543266039644,
  "31": 4.926631653387603,
  "50": 4.825049550478712,
  "13": 4.9205884132455,
  "23": 5.085245974882136,
  "32": 5.286255458321606,
  "46": 5.154439864588487,
  "14": 4.955675884519599,
  "20": 4.95917790906352,
  "29": 4.973256110111872,
  "48": 5.2280369074166755,
  "44": 4.857601443625032,
  "49": 4.753463335258603,
  "52": 4.8057053743906994,
  "7": 4.959263670485863,
  "11": 4.890663397930039,
  "15": 4.8605045111343586,
  "26": 4.995956958918355,
  "36": 4.84426076436607,
  "39": 4.951803283843645
}