{
  "angleGiniCoeff": {
    "6": 0.07985599889281822,
    "16": 0.08878234899271505,
    "27": 0.09416775880580847,
    "10": 0.090704725145809,
    "22": 0.08358128710975757,
    "38": 0.0768612010759249,
    "5": 0.09249304059350423,
    "24": 0.13828743471926522,
    "30": 0.11114317010725643,
    "40": 0.10014521577842224,
    "3": 0.11702815761161466,
    "21": 0.057586633898813196,
    "41": 0.08866365818739194,
    "9": 0.06179046307760635,
    "19": 0.07542063829520251,
    "25": 0.08008076047279677,
    "31": 0.10221867759304704,
    "50": 0.13473218149521404,
    "13": 0.07349739448545929,
    "23": 0.04118460675226944,
    "32": 0.09942918786496442,
    "46": 0.11464443729507579,
    "14": 0.1164616358854952,
    "20": 0.1184466500476932,
    "29": 0.13183184708636142,
    "48": 0.09197243545472152,
    "44": 0.06438270299684543,
    "49": 0.0893248811975022,
    "52": 0.06275461709085388,
    "7": 0.11266317468377549,
    "11": 0.10106983785361999,
    "15": 0.06424222316861805,
    "26": 0.09826344344425829,
    "36": 0.1047612328003472,
    "39": 0.05249971393799307
  },
  "lengthGiniCoeff": {
    "6": 0.19279362841785336,
    "16": 0.07170833794642298,
    "27": 0.18501907026246062,
    "10": 0.19548119763909277,
    "22": 0.23541756645753226,
    "38": 0.1337994232876257,
    "5": 0.18299324387177587,
    "24": 0.12891627863755903,
    "30": 0.1716931817876315,
    "40": 0.17358147542990876,
    "3": 0.21432959035769109,
    "21": 0.1526883140120909,
    "41": 0.17605470151071845,
    "9": 0.12639511221979893,
    "19": 0.24880520143267632,
    "25": 0.18861199587549055,
    "31": 0.2887628887546297,
    "50": 0.2216171434610185,
    "13": 0.17700492706466417,
    "23": 0.1437980193969087,
    "32": 0.2440619073846512,
    "46": 0.12887290932663134,
    "14": 0.2297413197963737,
    "20": 0.1646705347031569,
    "29": 0.17858686575589214,
    "48": 0.19741473125699902,
    "44": 0.10892903451590415,
    "49": 0.20388177736723392,
    "52": 0.1834349172438914,
    "7": 0.1798760189285116,
    "11": 0.26363651201935145,
    "15": 0.28876355367494716,
    "26": 0.2115319365706333,
    "36": 0.1803277675904221,
    "39": 0.26812981179798656
  }
}