{
  "6": 0.9869281045751634,
  "16": 0.789247311827957,
  "27": 0.732620320855615,
  "10": 0.832258064516129,
  "22": 0.7647058823529411,
  "38": 0.8528138528138528,
  "5": 0.7211948790896159,
  "24": 0.7611408199643493,
  "30": 0.7579831932773109,
  "40": 0.8024193548387096,
  "3": 0.919047619047619,
  "21": 0.9052631578947369,
  "41": 0.9411764705882353,
  "9": 0.8658008658008658,
  "19": 0.8514492753623188,
  "25": 0.8620689655172413,
  "31": 0.8086021505376344,
  "50": 0.8347578347578347,
  "13": 0.8518518518518519,
  "23": 0.8003565062388592,
  "32": 0.7339971550497866,
  "46": 0.7126050420168067,
  "14": 0.8210526315789474,
  "20": 0.7663865546218488,
  "29": 0.7569230769230769,
  "48": 0.7064102564102565,
  "44": 0.8857142857142857,
  "49": 0.8892307692307693,
  "52": 0.92,
  "7": 0.7906403940886699,
  "11": 0.8874458874458875,
  "15": 0.9116809116809117,
  "26": 0.8146167557932263,
  "36": 0.9384057971014492,
  "39": 0.843010752688172
}