{"4": [121.34648742411102, 130.2274501300954], "12": [102.61798396334478, 206.92153493699885], "20": [63.19234943027672, 275.15680954964733], "26": [66.15472998851016, 337.7364994255075], "33": [99.12502360717659, 396.8628895184136], "40": [183.12614802809293, 454.19908157752565], "37": [271.77396280400575, 447.9810840883802], "34": [364.2744580584354, 385.0437323279925], "38": [381.6084875558392, 441.37970644543714], "23": [414.8196156635243, 301.54713560551124], "16": [456.27899586908165, 234.16889100730856], "10": [460.70989884393066, 177.85657514450867], "8": [368.76782531194294, 167.2308377896613], "17": [355.4267866985119, 231.03251883152674], "22": [274.35344347503246, 292.0653424911825], "15": [240.851333153784, 222.8260166980878], "6": [236.83342587451415, 151.65019433647973], "14": [181.0624349635796, 216.5837669094693], "19": [129.94868585732166, 296.59574468085106], "29": [191.28382352941176, 367.2620588235294], "30": [264.39182755884684, 370.9226395133563], "27": [349.2756622516556, 332.53007726269317], "21": [204.03291734490867, 292.6505697232773]}