{
  "4": 4.8875262289657995,
  "12": 4.899163272360201,
  "20": 4.823043567554754,
  "26": 4.874902962132047,
  "33": 4.9164493150141055,
  "40": 4.954122582239897,
  "37": 4.892374785173934,
  "34": 4.838649915481998,
  "38": 4.824873700176742,
  "23": 4.879634009101989,
  "16": 4.984748402041767,
  "10": 4.8824036704624145,
  "8": 4.842873673242944,
  "17": 4.858252629759892,
  "22": 4.843804280117278,
  "15": 4.826370467782489,
  "6": 4.797842616064933,
  "14": 4.861112963209487,
  "19": 4.841591574170652,
  "29": 4.870992283195342,
  "30": 4.880730467114944,
  "27": 4.816553861855136,
  "21": 4.794982902813251
}