{
  "angleGiniCoeff": {
    "4": 0.06886393171250822,
    "12": 0.07752499154223533,
    "20": 0.11652668062563346,
    "26": 0.0670002224381113,
    "33": 0.10748925605758951,
    "40": 0.10025291926441658,
    "37": 0.08624056693205416,
    "34": 0.08244937639476717,
    "38": 0.13421321118063026,
    "23": 0.07035057449230149,
    "16": 0.0583966468289089,
    "10": 0.06310761287828678,
    "8": 0.0501361869246747,
    "17": 0.05232540614787889,
    "22": 0.07827045177652239,
    "15": 0.07407656678701127,
    "6": 0.07567635350642037,
    "14": 0.06972811909303875,
    "19": 0.07182572189796939,
    "29": 0.14019977697382072,
    "30": 0.07452974337523405,
    "27": 0.06871400774360097,
    "21": 0.03550218951525764
  },
  "lengthGiniCoeff": {
    "4": 0.16972582553589727,
    "12": 0.10967366677553181,
    "20": 0.1546169873718758,
    "26": 0.15743802615229768,
    "33": 0.21667476433799993,
    "40": 0.1880337124689282,
    "37": 0.2166956036358878,
    "34": 0.1718742042587628,
    "38": 0.10709354740399828,
    "23": 0.12118376996350866,
    "16": 0.2574770913355418,
    "10": 0.29772964561048576,
    "8": 0.21938808812525779,
    "17": 0.24717084102832818,
    "22": 0.22836217578542226,
    "15": 0.10548319003939392,
    "6": 0.17656217261772922,
    "14": 0.18068043871319897,
    "19": 0.16564176679468456,
    "29": 0.19415991575877778,
    "30": 0.17084328233812912,
    "27": 0.14424425233439303,
    "21": 0.1648511677206186
  }
}