{
  "4": 0.857397504456328,
  "12": 0.8084163898117387,
  "20": 0.8574712643678161,
  "26": 0.7891737891737892,
  "33": 0.786628733997155,
  "40": 0.8012684989429175,
  "37": 0.8384615384615385,
  "34": 0.7766714082503556,
  "38": 0.8888888888888888,
  "23": 0.8513513513513513,
  "16": 0.7419712070874862,
  "10": 0.7773279352226721,
  "8": 0.8680926916221033,
  "17": 0.8093093093093093,
  "22": 0.8603174603174604,
  "15": 0.8990147783251231,
  "6": 0.8694581280788177,
  "14": 0.8758620689655172,
  "19": 0.8062015503875969,
  "29": 0.7580645161290323,
  "30": 0.8039867109634552,
  "27": 0.8275862068965517,
  "21": 0.8783783783783784
}