{"5": [197.02725400095073, 109.65203612739661], "12": [248.87351969709175, 192.26286957222268], "30": [224.5224964739069, 360.42905500705217], "35": [167.55400890868597, 362.17984409799556], "40": [161.842125382263, 501.032619775739], "50": [76.39514978601997, 574.167515793764], "53": [144.17529817953547, 614.0538292529818], "52": [229.36688167259786, 636.3540369217081], "65": [225.42979511517538, 798.5334529459428], "82": [192.67560785671023, 942.4400796054339], "83": [117.61187263896385, 933.7430113329735], "75": [60.52363853979653, 857.1180929583084], "92": [128.0142857142857, 1049.0866552609068], "85": [267.21731285052425, 1005.727042184833], "96": [332.4654557995172, 1120.853718818255], "90": [441.1430149088901, 1039.065157371618], "91": [382.41765704584043, 997.3331069609508], "79": [399.4609097148562, 914.1919885193736], "73": [338.91841139650336, 852.4970861213037], "62": [402.0907471800526, 759.6323467051141], "60": [497.7531444158206, 738.2690559175633], "69": [597.7808251289264, 830.1397874667916], "66": [678.1866622538474, 771.3552871090518], "49": [663.5754705882352, 647.7245882352942], "47": [747.8952237239207, 615.2001049731007], "51": [855.2306612874934, 619.6616383090686], "63": [827.6109083100708, 736.4210865363968], "42": [816.4754449007529, 512.8974161533197], "32": [830.1215998712378, 396.44197650088523], "37": [724.910602910603, 449.6567200684848], "29": [731.817729908865, 334.13022520147626], "15": [708.8482888709243, 219.36037007096022], "8": [598.5844992381217, 177.47610472364593], "14": [514.069413511507, 199.93615441722346], "11": [454.0557831705011, 167.83580208005043], "9": [366.50751379113564, 152.13372645995815], "19": [282.8268229166667, 241.65451388888889], "18": [324.04527595884, 276.08849391955096], "33": [306.7656355836532, 371.1499209753895], "39": [288.2798267405567, 496.9135613733359], "57": [348.83993304388764, 658.6910603128106], "68": [319.2572953736655, 775.603024911032], "56": [517.0927971718958, 613.866548828988], "54": [582.6004980434009, 650.0546424759872], "44": [677.2340067340067, 495.13905723905725], "34": [639.7580495067932, 412.2832681928159], "27": [644.6148310387985, 296.6517521902378], "31": [571.3601432515109, 380.48668208610013], "26": [496.8912230728147, 366.0869384606255], "38": [396.63524102360645, 349.46389605237056], "43": [367.6595531006779, 484.2103941752448], "41": [428.60377152823196, 510.0097013298452], "45": [531.8539553752536, 527.1864623243933]}