{
  "5": 6.97328957334094,
  "12": 7.192510798325916,
  "30": 7.260366582055943,
  "35": 6.810203512491353,
  "40": 7.091496172782953,
  "50": 6.924346395218235,
  "53": 6.970932616186076,
  "52": 7.226660602729204,
  "65": 7.181139197678467,
  "82": 7.0003467007920035,
  "83": 6.9786416329517325,
  "75": 7.127399895647332,
  "92": 7.040627656654651,
  "85": 7.175361342204354,
  "96": 7.285158895187491,
  "90": 7.1224039373985875,
  "91": 6.936852672347315,
  "79": 7.132552843282116,
  "73": 7.134302434828511,
  "62": 7.071653377254995,
  "60": 7.151916845065258,
  "69": 7.040774963598096,
  "66": 6.966343356328057,
  "49": 7.045280472751157,
  "47": 7.071983976432156,
  "51": 7.170224383097127,
  "63": 6.891072579275292,
  "42": 7.240362188840507,
  "32": 7.084671336715804,
  "37": 7.001486706496733,
  "29": 7.0579556468188365,
  "15": 6.989832946527419,
  "8": 7.26203186684164,
  "14": 6.9784975257496376,
  "11": 7.038578240741433,
  "9": 7.18894476739473,
  "19": 6.839623883462828,
  "18": 7.007366314382218,
  "33": 7.268338470938825,
  "39": 7.088784361695235,
  "57": 7.293886978822826,
  "68": 6.9918953158577475,
  "56": 6.878832819025929,
  "54": 7.030817546046967,
  "44": 6.9289209361221324,
  "34": 7.063637845703074,
  "27": 6.891930692204285,
  "31": 6.99252954850382,
  "26": 7.118928360045228,
  "38": 7.251747723312995,
  "43": 6.910078920508257,
  "41": 7.008726483615195,
  "45": 7.068341289986942
}