{
  "angleGiniCoeff_ignoringGuardCells": {
    "5": 0.05296719456533707,
    "12": 0.13683973213648373,
    "30": 0.07114764954082821,
    "35": 0.18138433837946188,
    "40": 0.09436561216892338,
    "50": 0.08652280757067678,
    "53": 0.12056100390383555,
    "52": 0.0860619722942787,
    "65": 0.12281333218462849,
    "82": 0.06660585669280492,
    "83": 0.13492060905923198,
    "75": 0.10914159817572926,
    "92": 0.05977362203190342,
    "85": 0.07200039577637637,
    "96": 0.07342400303489185,
    "90": 0.07504402814904497,
    "91": 0.06541766288785922,
    "79": 0.09450559707361103,
    "73": 0.06811890384059094,
    "62": 0.15611599596568101,
    "60": 0.043225675649423284,
    "69": 0.10162671815448793,
    "66": 0.02831171608800562,
    "49": 0.08268147186542868,
    "47": 0.10288520521424357,
    "51": 0.07122207090892846,
    "63": 0.09848432776851639,
    "42": 0.11867428455154401,
    "32": 0.08751523738584062,
    "37": 0.08421348475971602,
    "29": 0.04978885112756035,
    "15": 0.08816660780971176,
    "8": 0.058892493095379,
    "14": 0.06957048117224937,
    "11": 0.05682500534140694,
    "9": 0.11057157585880387,
    "19": 0.07213442136889064,
    "18": 0.09723662028340231,
    "33": 0.1209748836792081,
    "39": 0.07936181067331376,
    "57": 0.06405972154698492,
    "68": 0.03997330014926288,
    "56": 0.13756876174863275,
    "54": 0.1230513978123652,
    "44": 0.043638138670719556,
    "34": 0.07553688300579012,
    "27": 0.05920285590915005,
    "31": 0.1209405581444273,
    "26": 0.09711490361132345,
    "38": 0.11611225352857268,
    "43": 0.01838687186261243,
    "41": 0.09069183826638798,
    "45": 0.07924265426238322
  },
  "lengthGiniCoeff_ignoringGuardCells": {
    "5": 0.12478666863790637,
    "12": 0.17553894624466154,
    "30": 0.10525285518434847,
    "35": 0.2460671113248092,
    "40": 0.2454684815131087,
    "50": 0.18613721415945453,
    "53": 0.170051218397776,
    "52": 0.17604719003981373,
    "65": 0.2655955150043127,
    "82": 0.2600459318542073,
    "83": 0.31555867981283675,
    "75": 0.16235921832706895,
    "92": 0.15878241724489828,
    "85": 0.3408178484675365,
    "96": 0.1873653415921639,
    "90": 0.1175049566270186,
    "91": 0.12551027245761925,
    "79": 0.17250919890259517,
    "73": 0.3118646477508649,
    "62": 0.1671195008703016,
    "60": 0.30496303309971245,
    "69": 0.18598862653739534,
    "66": 0.25492104389922016,
    "49": 0.41935327567026837,
    "47": 0.3450631993847889,
    "51": 0.3435111140567845,
    "63": 0.20892959797386113,
    "42": 0.12260972987394324,
    "32": 0.2814602081175874,
    "37": 0.212865946304223,
    "29": 0.16194815850934322,
    "15": 0.2848211806595776,
    "8": 0.21288366634654388,
    "14": 0.21493895209295938,
    "11": 0.28559901403306026,
    "9": 0.28524568940491085,
    "19": 0.06608379338598894,
    "18": 0.3141712993573688,
    "33": 0.20935402908655154,
    "39": 0.1844533574512803,
    "57": 0.32126463712342673,
    "68": 0.1034784748669521,
    "56": 0.16491077344391403,
    "54": 0.301774938857947,
    "44": 0.128552310679914,
    "34": 0.28187614896392243,
    "27": 0.025344475934998764,
    "31": 0.411177212214831,
    "26": 0.388536873327754,
    "38": 0.20051713059540502,
    "43": 0.09465520262310265,
    "41": 0.1246980269325042,
    "45": 0.18261209130367057
  }
}