{
  "angleGiniCoeff": {
    "5": 0.059959728506535886,
    "12": 0.13683973213648373,
    "30": 0.12501989581270462,
    "35": 0.18138433837946188,
    "40": 0.08901361945155337,
    "50": 0.08495825721960815,
    "53": 0.12056100390383555,
    "52": 0.0860619722942787,
    "65": 0.15254718713836657,
    "82": 0.06660585669280492,
    "83": 0.13492060905923198,
    "75": 0.10914159817572926,
    "92": 0.05977362203190342,
    "85": 0.06766177152281364,
    "96": 0.07342400303489185,
    "90": 0.1457186465517213,
    "91": 0.06541766288785922,
    "79": 0.08619782460873998,
    "73": 0.06811890384059094,
    "62": 0.15611599596568101,
    "60": 0.03963409434046645,
    "69": 0.10162671815448793,
    "66": 0.08791141057980492,
    "49": 0.08662285928880083,
    "47": 0.10288520521424357,
    "51": 0.07122207090892846,
    "63": 0.09848432776851639,
    "42": 0.11867428455154401,
    "32": 0.08751523738584062,
    "37": 0.08421348475971602,
    "29": 0.04978885112756035,
    "15": 0.08381736766169635,
    "8": 0.058892493095379,
    "14": 0.06957048117224937,
    "11": 0.11614516009474381,
    "9": 0.10328907781532654,
    "19": 0.11260782175100774,
    "18": 0.09723662028340231,
    "33": 0.10910436641287796,
    "39": 0.07936181067331376,
    "57": 0.058361752067742106,
    "68": 0.12342740495465616,
    "56": 0.13756876174863275,
    "54": 0.11073281168699614,
    "44": 0.043638138670719556,
    "34": 0.0891301281036207,
    "27": 0.07861886371265067,
    "31": 0.1124452386341652,
    "26": 0.09711490361132345,
    "38": 0.12915043303073367,
    "43": 0.03511405346018806,
    "41": 0.11567440390136159,
    "45": 0.09291229163002677
  },
  "lengthGiniCoeff": {
    "5": 0.1261064696152643,
    "12": 0.17553894624466154,
    "30": 0.10525285518434847,
    "35": 0.2460671113248092,
    "40": 0.22491578950054517,
    "50": 0.18613721415945453,
    "53": 0.170051218397776,
    "52": 0.17604719003981373,
    "65": 0.2655955150043127,
    "82": 0.2600459318542073,
    "83": 0.31555867981283675,
    "75": 0.16235921832706895,
    "92": 0.15878241724489828,
    "85": 0.3408178484675365,
    "96": 0.1873653415921639,
    "90": 0.1175049566270186,
    "91": 0.12551027245761925,
    "79": 0.17250919890259517,
    "73": 0.3118646477508649,
    "62": 0.1671195008703016,
    "60": 0.30496303309971245,
    "69": 0.18598862653739534,
    "66": 0.25492104389922016,
    "49": 0.41935327567026837,
    "47": 0.3450631993847889,
    "51": 0.3435111140567845,
    "63": 0.20892959797386113,
    "42": 0.12260972987394324,
    "32": 0.2814602081175874,
    "37": 0.212865946304223,
    "29": 0.16194815850934322,
    "15": 0.2848211806595776,
    "8": 0.21288366634654388,
    "14": 0.21493895209295938,
    "11": 0.28559901403306026,
    "9": 0.28524568940491085,
    "19": 0.06608379338598894,
    "18": 0.3141712993573688,
    "33": 0.20935402908655154,
    "39": 0.1844533574512803,
    "57": 0.3060733826509558,
    "68": 0.1034784748669521,
    "56": 0.16491077344391403,
    "54": 0.301774938857947,
    "44": 0.128552310679914,
    "34": 0.28187614896392243,
    "27": 0.1098608324837574,
    "31": 0.411177212214831,
    "26": 0.388536873327754,
    "38": 0.20051713059540502,
    "43": 0.09465520262310265,
    "41": 0.1246980269325042,
    "45": 0.18261209130367057
  }
}