{
  "5": 0.9259259259259259,
  "12": 0.7272727272727273,
  "30": 0.7545454545454545,
  "35": 0.978021978021978,
  "40": 0.8438538205980066,
  "50": 0.9169960474308301,
  "53": 0.916923076923077,
  "52": 0.7610544217687075,
  "65": 0.7254901960784313,
  "82": 0.8207681365576103,
  "83": 0.8672268907563025,
  "75": 0.8433333333333334,
  "92": 0.8286099865047234,
  "85": 0.750524109014675,
  "96": 0.7539315448658649,
  "90": 0.7967914438502673,
  "91": 0.8888888888888888,
  "79": 0.8009661835748793,
  "73": 0.8166666666666667,
  "62": 0.8115384615384615,
  "60": 0.7727272727272727,
  "69": 0.8346153846153846,
  "66": 0.8547008547008547,
  "49": 0.7365747460087083,
  "47": 0.7297959183673469,
  "51": 0.7837837837837838,
  "63": 0.9367588932806324,
  "42": 0.7536585365853659,
  "32": 0.823076923076923,
  "37": 0.8446969696969697,
  "29": 0.8512820512820513,
  "15": 0.9111111111111111,
  "8": 0.7375886524822695,
  "14": 0.9,
  "11": 0.7761904761904762,
  "9": 0.7980085348506402,
  "19": 0.9666666666666667,
  "18": 0.8359788359788359,
  "33": 0.8091168091168092,
  "39": 0.803030303030303,
  "57": 0.7307692307692307,
  "68": 0.8830769230769231,
  "56": 0.9051383399209486,
  "54": 0.7748414376321353,
  "44": 0.9084967320261438,
  "34": 0.7974358974358975,
  "27": 0.9150326797385621,
  "31": 0.805050505050505,
  "26": 0.7427450980392157,
  "38": 0.7489114658925979,
  "43": 0.9393939393939394,
  "41": 0.7857142857142857,
  "45": 0.8371794871794872
}