{"39": [81.86580393547243, 473.5085977663535], "43": [123.17016238159675, 517.4038114569238], "51": [124.73076012313521, 603.9582445339016], "32": [203.56953642384107, 380.2661327583551], "38": [243.09287392325763, 473.20407204385276], "56": [233.43562928236568, 616.3808871258565], "12": [277.38056312443234, 205.41611521992994], "21": [321.62735501173313, 303.4362722091854], "47": [337.137731678286, 419.3074307090631], "52": [346.1540130151844, 567.8575560375995], "14": [417.9281169957862, 224.73485912583658], "30": [456.671826625387, 341.5403464857388], "40": [410.2888712871287, 486.40443564356434], "45": [516.8779220779221, 499.9227863046045], "4": [550.4430854211876, 118.3475537581377], "13": [554.0236144219309, 220.3630810488677], "29": [581.1669667506902, 314.6828712039371], "36": [601.6602299609397, 402.8382021235627], "3": [689.8846646732165, 148.0953652285348], "16": [748.9777914522265, 260.6942268963974], "72": [139.07624091636902, 736.4585540091144], "70": [251.79255106127354, 731.1579228407422], "83": [278.9103655483225, 807.2525216396023], "97": [312.8342261558169, 905.2599277978339], "102": [414.715281730222, 974.872296528173], "57": [367.719408224674, 631.4183383483785], "66": [418.1872850636676, 711.1217585277442], "84": [433.5273385300668, 839.8310690423162], "100": [524.6757380073801, 934.7540359778598], "80": [533.3078362971156, 762.8762018208117], "55": [484.6590754918112, 589.6617889330362], "44": [620.0272133526851, 554.3685897435897], "64": [629.2225569238948, 687.4045361920794], "78": [689.4114733801073, 767.8820470491127], "91": [760.5182481751825, 839.4921120791147], "42": [697.9226022803488, 465.64211938296444], "46": [758.6813513915761, 537.8122488465546]}