{
  "39": 4.986692310937917,
  "43": 4.931536906913951,
  "51": 5.021729575954863,
  "32": 5.190134836219034,
  "38": 5.052926414422106,
  "56": 5.131722007269711,
  "12": 5.332479182379623,
  "21": 5.27376634637112,
  "47": 4.886180637334877,
  "52": 4.863229374046031,
  "14": 5.098033357893948,
  "30": 5.181455072289361,
  "40": 5.096775734347403,
  "45": 4.842594703197715,
  "4": 5.476302886434626,
  "13": 5.095739620529955,
  "29": 4.975229923955252,
  "36": 5.20832795791105,
  "3": 5.289556573916112,
  "16": 5.158036814255183,
  "72": 4.882197669759791,
  "70": 5.156501425306662,
  "83": 5.204054370607316,
  "97": 5.220122860150148,
  "102": 5.160802947948518,
  "57": 5.073000522993737,
  "66": 4.983887037449031,
  "84": 5.108812144232693,
  "100": 5.11440750049381,
  "80": 4.952766214248545,
  "55": 4.930870921653654,
  "44": 5.394887372997888,
  "64": 4.990088082874542,
  "78": 5.045431157524549,
  "91": 5.114217104614623,
  "42": 4.920995298557293,
  "46": 4.9729257140608025
}