{
  "39": 0.63125,
  "43": 0.7380261248185777,
  "51": 0.6731150793650794,
  "32": 0.6603346901854364,
  "38": 0.661072261072261,
  "56": 0.760655737704918,
  "12": 0.5631035631035631,
  "21": 0.6244131455399061,
  "47": 0.7755595886267392,
  "52": 0.8303303303303303,
  "14": 0.6821787414066631,
  "30": 0.699297629499561,
  "40": 0.6906398730830249,
  "45": 0.8182624113475178,
  "4": 0.5217391304347826,
  "13": 0.6400351185250219,
  "29": 0.8191919191919191,
  "36": 0.6613394216133942,
  "3": 0.5717086834733893,
  "16": 0.6160337552742616,
  "72": 0.6792452830188679,
  "70": 0.6567164179104478,
  "83": 0.5894113291373565,
  "97": 0.6516105146242133,
  "102": 0.6431079894644425,
  "57": 0.7033898305084746,
  "66": 0.7448051948051948,
  "84": 0.6964006259780907,
  "100": 0.6707070707070707,
  "80": 0.7811688311688312,
  "55": 0.7873303167420814,
  "44": 0.6168421052631579,
  "64": 0.7831168831168831,
  "78": 0.7106954997077732,
  "91": 0.6147354754949692,
  "42": 0.8194905869324474,
  "46": 0.6997366110623354
}