{"17": [41.52926883145571, 203.0658272586702], "25": [83.51361190250078, 271.9550490661602], "40": [98.77714762301919, 403.03336113427855], "50": [117.94927291173487, 480.989854582347], "59": [100.65947309417041, 559.9795403587444], "70": [194.64495114006516, 558.8193811074918], "42": [300.302116741501, 486.8017043892605], "60": [394.48294947330834, 549.9630423138725], "57": [503.39282428702853, 544.9376724931003], "65": [520.8223221816137, 607.1764127073376], "48": [543.306614532421, 473.3053111762789], "51": [643.1631585206327, 486.8712094184802], "37": [676.6742684157417, 393.93097880928354], "26": [599.7056099732858, 291.57853962600177], "23": [694.0369623655914, 247.82728494623655], "20": [652.6040349292382, 199.22222222222223], "10": [561.8093737692004, 166.4999015360378], "8": [446.7290465631929, 120.68913525498891], "6": [341.4032484459595, 90.27551634249048], "7": [271.8519155590305, 102.2556684910086], "9": [193.72317793827972, 126.8526592252134], "11": [147.10906550505464, 208.34379880003289], "32": [156.8238203957382, 331.4052511415525], "35": [191.75241682360326, 382.4885122410546], "36": [285.4859480611882, 390.4656705798648], "52": [204.49658043413618, 488.50282485875704], "44": [413.34606400373747, 484.04835318850735], "41": [474.7129728289824, 416.7163026105487], "39": [599.6935813109549, 391.03039237922434], "29": [503.829223479354, 313.8665506237308], "22": [481.20303900454655, 207.2461115099306], "21": [362.5798131768207, 250.74456476812432], "12": [339.1263652527305, 173.7740665481331], "28": [257.5379964433906, 293.20201541197395], "33": [381.29200555445345, 364.1744693513192]}