{
  "17": 6.857387592478376,
  "25": 6.985672460912757,
  "40": 6.935019442654026,
  "50": 6.951396024975164,
  "59": 6.9203553803066615,
  "70": 7.205280840352786,
  "42": 7.255460200105353,
  "60": 6.899121414094276,
  "57": 6.9407937812915526,
  "65": 6.985723411495986,
  "48": 7.060524650234377,
  "51": 6.934720402252617,
  "37": 7.102604330263464,
  "26": 7.207798774868158,
  "23": 6.955879185996622,
  "20": 6.972448246838072,
  "10": 7.096921869926737,
  "8": 7.274715376810698,
  "6": 7.145797431380351,
  "7": 6.956230136282122,
  "9": 7.043838697875782,
  "11": 7.2611900764780435,
  "32": 6.879641562055855,
  "35": 7.083928582011354,
  "36": 7.03047205027284,
  "52": 6.978839019170261,
  "44": 7.182149549009196,
  "41": 6.882011732886123,
  "39": 6.940189779730868,
  "29": 7.147146411027908,
  "22": 6.986986089924037,
  "21": 7.128847296077169,
  "12": 6.913141502672835,
  "28": 7.024640926288069,
  "33": 6.994979680546483
}