{
  "angleGiniCoeff_ignoringGuardCells": {
    "17": 0.0596628169436948,
    "25": 0.11822920266207314,
    "40": 0.04366438022907518,
    "50": 0.0666036151894215,
    "59": 0.0581546851417713,
    "70": 0.057871737064554805,
    "42": 0.09179191978128613,
    "60": 0.09758344306403746,
    "57": 0.09814108530485008,
    "65": 0.04723841283804296,
    "48": 0.0961551665554626,
    "51": 0.07323044527691044,
    "37": 0.10112097312183956,
    "26": 0.06843427723938589,
    "23": 0.11727051432988195,
    "20": 0.04590811115758812,
    "10": 0.11330328089895214,
    "8": 0.06346405100698659,
    "6": 0.08914459778857398,
    "7": 0.07336405634472058,
    "9": 0.014714253439784672,
    "11": 0.09203840553965949,
    "32": 0.07427370203254118,
    "35": 0.09436021224082308,
    "36": 0.09636802846767072,
    "52": 0.047851631447712775,
    "44": 0.11226972733636065,
    "41": 0.1875129351002769,
    "39": 0.10097257169084009,
    "29": 0.1497594992518427,
    "22": 0.1164325770649428,
    "21": 0.08494363509580066,
    "12": 0.13309079323952072,
    "28": 0.11060238790828755,
    "33": 0.0924908923559517
  },
  "lengthGiniCoeff_ignoringGuardCells": {
    "17": 0.12532280779617513,
    "25": 0.18653652296902282,
    "40": 0.1451882274350288,
    "50": 0.28157744593031797,
    "59": 0.11117953769002495,
    "70": 0.16407869618485368,
    "42": 0.2718281147895515,
    "60": 0.34032856412564183,
    "57": 0.28620302213927895,
    "65": 0.13934271134500256,
    "48": 0.2646856826780533,
    "51": 0.15004099390207556,
    "37": 0.270993520412093,
    "26": 0.30748542701512965,
    "23": 0.18210695108708844,
    "20": 0.10566846950443635,
    "10": 0.2594200321239219,
    "8": 0.15159991651095645,
    "6": 0.09820768136113209,
    "7": 0.09978049020207666,
    "9": 0.17371071148467296,
    "11": 0.33431502286330655,
    "32": 0.10558881809772948,
    "35": 0.24449442131169036,
    "36": 0.24572787759661638,
    "52": 0.23499448018678368,
    "44": 0.36226682678443667,
    "41": 0.1398977932491972,
    "39": 0.10463871898109012,
    "29": 0.29035820310632854,
    "22": 0.12535536583201207,
    "21": 0.32623748374470835,
    "12": 0.18393845421044558,
    "28": 0.1774362481115634,
    "33": 0.17706070911151342
  }
}