{
  "angleGiniCoeff": {
    "17": 0.052781917861932745,
    "25": 0.10890614107295732,
    "40": 0.05236458160061419,
    "50": 0.0666036151894215,
    "59": 0.05298365195358374,
    "70": 0.057871737064554805,
    "42": 0.10289080234162863,
    "60": 0.09069974577664543,
    "57": 0.09814108530485008,
    "65": 0.06017608026034057,
    "48": 0.09128950717499333,
    "51": 0.0728973792008297,
    "37": 0.10112097312183956,
    "26": 0.06947895734338132,
    "23": 0.10989809125163343,
    "20": 0.04019887052421204,
    "10": 0.11330328089895214,
    "8": 0.09197749928375197,
    "6": 0.08914459778857398,
    "7": 0.08799527763722892,
    "9": 0.032895661756721054,
    "11": 0.08745449175019533,
    "32": 0.08606493563066674,
    "35": 0.09241149779449367,
    "36": 0.09636802846767072,
    "52": 0.08514277324756932,
    "44": 0.11226972733636065,
    "41": 0.18369075081477304,
    "39": 0.09949742662049528,
    "29": 0.14102945042445603,
    "22": 0.1164325770649428,
    "21": 0.07512650091686629,
    "12": 0.13309079323952072,
    "28": 0.10674798925693742,
    "33": 0.0924908923559517
  },
  "lengthGiniCoeff": {
    "17": 0.12532280779617513,
    "25": 0.18653652296902282,
    "40": 0.1451882274350288,
    "50": 0.28157744593031797,
    "59": 0.11117953769002495,
    "70": 0.16407869618485368,
    "42": 0.2718281147895515,
    "60": 0.34032856412564183,
    "57": 0.28620302213927895,
    "65": 0.13934271134500256,
    "48": 0.2646856826780533,
    "51": 0.17982197552066606,
    "37": 0.270993520412093,
    "26": 0.30748542701512965,
    "23": 0.18210695108708844,
    "20": 0.10566846950443635,
    "10": 0.2594200321239219,
    "8": 0.15159991651095645,
    "6": 0.09820768136113209,
    "7": 0.09978049020207666,
    "9": 0.17371071148467296,
    "11": 0.33431502286330655,
    "32": 0.10558881809772948,
    "35": 0.2999042622921361,
    "36": 0.24572787759661638,
    "52": 0.23499448018678368,
    "44": 0.36226682678443667,
    "41": 0.1398977932491972,
    "39": 0.10463871898109012,
    "29": 0.29035820310632854,
    "22": 0.12535536583201207,
    "21": 0.32623748374470835,
    "12": 0.18393845421044558,
    "28": 0.1774362481115634,
    "33": 0.17706070911151342
  }
}