{
  "17": 0.9130434782608695,
  "25": 0.9292307692307692,
  "40": 0.8917378917378918,
  "50": 0.9366666666666666,
  "59": 0.935672514619883,
  "70": 0.8205128205128205,
  "42": 0.7759784075573549,
  "60": 0.8367816091954023,
  "57": 0.9169960474308301,
  "65": 0.8817733990147784,
  "48": 0.8222222222222222,
  "51": 0.9053763440860215,
  "37": 0.8228228228228228,
  "26": 0.7746288798920378,
  "23": 0.9411764705882353,
  "20": 0.8809523809523809,
  "10": 0.8470588235294118,
  "8": 0.7585365853658537,
  "6": 0.84,
  "7": 0.874384236453202,
  "9": 0.8505747126436781,
  "11": 0.7473572938689218,
  "32": 0.9264705882352942,
  "35": 0.8106060606060606,
  "36": 0.8903225806451613,
  "52": 0.9766081871345029,
  "44": 0.7357357357357357,
  "41": 0.8731182795698925,
  "39": 0.9486166007905138,
  "29": 0.75,
  "22": 0.9096774193548387,
  "21": 0.8170731707317073,
  "12": 0.9629629629629629,
  "28": 0.8770161290322581,
  "33": 0.9144385026737968
}